id,player_name,games,time,goals,xG,assists,xA,shots,key_passes,yellow_cards,red_cards,position,team_title,npg,npxG,xGChain,xGBuildup
2097,Lionel Messi,36,2995,34,28.94629139080644,12,15.100405801087618,196,87,3,0,F M S,Barcelona,32,25.973176393657923,48.18063086271286,21.63439449854195
2371,Cristiano Ronaldo,27,2304,26,26.99930998682976,5,5.524839024990797,178,40,1,0,F,Real Madrid,23,24.026196867227554,31.62383684515953,9.471848987042904
2098,Luis Suárez,33,2902,25,25.36797896027565,12,11.144682643935084,121,56,9,0,F S,Barcelona,24,24.62470495700836,38.56682434864342,8.494499390944839
2290,Iago Aspas,34,2939,22,17.546523582190275,5,8.858793137595057,94,67,9,0,F M S,Celta Vigo,20,15.317330490797758,31.42611799389124,11.639251209795477
1709,Cristhian Stuani,33,2728,21,18.78555410355329,0,0.957874481100589,73,12,8,0,F S,Girona,16,15.069159049540758,11.786210827063767,1.4602142125368118
2270,Antoine Griezmann,32,2532,19,14.592844747006891,9,5.752699899487197,72,43,7,1,F M S,Atletico Madrid,17,13.106297507882118,21.75496096909046,5.343912184238434
6124,Maxi Gómez,36,3084,17,16.014192320406437,4,4.297293651849032,83,23,12,0,F S,Celta Vigo,17,16.014192320406437,22.774309907108545,4.923011703416705
2120,Gerard Moreno,38,3413,16,15.84595245309174,1,4.254492288921028,105,44,4,0,F M,Espanyol,15,14.359533490613105,19.692108819261197,5.460851146839559
2251,Gareth Bale,26,1803,16,12.18246204406023,2,5.8870493564754725,76,41,5,0,F M S,Real Madrid,15,11.43918902426958,19.837879944592714,6.233250800520182
2381,Rodrigo,37,2699,16,14.549195786938071,4,3.908317405730486,92,34,4,0,F S,Valencia,15,13.805918795987964,20.0684145539999,5.152240017428994
1125,Carlos Bacca,35,2513,15,14.397431110963224,6,5.562116879969835,73,30,8,0,F S,Villarreal,14,13.654153300449252,20.904750876128677,4.958872174844146
2361,Willian José,34,2789,15,11.709622230380774,4,4.993508949875832,89,40,4,0,F S,Real Sociedad,12,8.73663816973567,14.918086409568788,4.795238073915243
1642,Simone Zaza,33,2082,13,10.359604505822062,1,2.353798754513264,72,15,8,1,F S,Valencia,13,10.359604505822062,13.20799507945776,2.728496480733156
4136,Ángel,33,2304,13,10.469764554873109,2,4.419212125241756,68,18,7,0,F S,Getafe,13,9.726486528292298,13.114171270281076,2.169402616098523
2234,Mikel Oyarzabal,35,2788,12,8.98803398758173,5,5.492831699550152,64,42,3,0,F M S,Real Sociedad,12,8.98803398758173,16.703873919323087,6.047402979806066
2384,Santi Mina,32,1548,12,8.923802714794874,2,2.041029918938875,43,10,3,0,F S,Valencia,11,8.180525701493025,10.492056138813496,2.4853996839374304
5095,Sergio León,31,1984,11,10.064538015052676,1,1.179199174977839,65,10,5,0,F M S,Real Betis,11,9.32126103155315,11.084632508456709,1.51486543007195
6118,Portu,37,3016,11,8.18498558178544,5,6.591415591537952,52,39,4,0,F M S,Girona,11,8.18498558178544,14.57052250020206,3.188091730698943
2106,Munir,33,2459,10,9.699638647958636,6,4.519894137978554,62,42,7,1,F S,Alaves,10,9.699638647958636,12.660594698041676,1.7050500232726336
2186,Morales,35,3070,10,9.57694691978395,8,7.461080899462104,61,46,6,1,F M,Levante,7,7.34724229387939,14.592306667938828,3.4097301280125976
2400,Raúl García,34,2645,10,10.262931356206536,1,3.491834871470928,80,23,10,0,F M S,Athletic Club,7,8.033098304644227,11.723064766265452,4.553347911685705
1672,Jonathan Calleri,37,3112,9,13.241059372201562,3,2.904860204085708,99,27,7,0,F S,Las Palmas,4,9.524800950661302,10.36804828979075,2.519909801892936
2305,Adrián,30,2347,9,7.871933374553919,5,5.8141610492020845,60,34,1,0,F M S,Deportivo La Coruna,9,7.871933374553919,12.504990616813302,3.703460121527314
2306,Cédric Bakambu,15,1277,9,6.64107002876699,0,1.3005484715104103,31,15,5,0,F,Villarreal,8,5.897920032963157,7.358360793441534,1.0280908085405829
2410,Aduriz,33,2137,9,11.442093497142196,1,1.5712409801781178,62,11,5,0,F S,Athletic Club,6,7.725838406011462,8.600986825302243,1.028168011456728
3210,Wissam Ben Yedder,25,1701,9,12.729272723197935,3,2.186676717363298,50,28,1,1,F S,Sevilla,9,12.729272723197935,16.333658606745303,2.5258404724299908
4442,Paulinho,34,1932,9,11.174661604687572,2,2.772810369729996,45,13,2,0,M S,Barcelona,9,11.174661604687572,22.3264680840075,11.327867018058896
6217,Enis Bardhi,26,1571,9,3.2291528917849064,1,0.9133770987391472,37,23,9,0,M S,Levante,9,3.2291528917849064,6.351053721271455,4.360236583277583
488,Philippe Coutinho,18,1311,8,3.84686841070652,5,3.9710645526647568,37,29,1,0,F M S,Barcelona,8,3.84686841070652,11.74828578531742,6.26036911457777
690,Loïc Remy,23,1217,8,5.691926643252373,0,0.121637700125575,42,5,3,1,F M S,"Getafe,Las Palmas",7,4.948650702834129,5.97556159645319,1.8602699283510449
897,Juanmi,30,1490,8,5.579086425714195,2,1.0911628808826208,37,9,3,0,F M S,Real Sociedad,8,5.579086425714195,6.438392062671483,1.9055835930630565
1700,Lucas Pérez,35,2797,8,9.463290080428123,6,9.899320866912603,54,78,3,0,F M S,Deportivo La Coruna,5,6.490175008773804,15.133041936904192,6.195289243012667
2217,Antonio Sanabria,17,845,8,5.336009012535214,0,0.1509517002850771,24,4,0,0,F S,Real Betis,8,5.336009012535214,6.169709380716085,1.1561342142522335
2275,Ángel Correa,37,2272,8,6.359495829790831,4,3.0755401626229286,46,29,4,1,F M S,Atletico Madrid,8,6.359495829790831,14.511833248659968,5.574110765010119
2304,Leo Baptistao,36,2690,8,10.756066225469112,3,2.363294094800949,79,25,4,0,F M S,Espanyol,8,10.756066225469112,14.095807181671262,2.690896615386009
2339,Charles,30,1577,8,8.053780967369676,1,1.9887058921158316,45,17,5,1,F S,Eibar,7,7.310501927509904,8.979860108345747,2.095284080132842
5074,Kike García,35,2471,8,9.741201370023193,1,0.7081012120470405,70,15,5,0,F S,Eibar,8,9.741201370023193,9.76291174814105,1.7456754986196756
1229,Luis Muriel,29,1603,7,8.30511811748147,1,2.1174252070486546,58,19,4,0,F M S,Sevilla,7,8.30511811748147,10.512642335146666,1.4974639927968385
2155,Jorge Molina,36,2799,7,14.992222279310226,4,3.4692790247499943,64,34,10,0,F S,Getafe,4,10.532554484903812,13.092447068542242,2.2813562117516994
2232,Asier Illarramendi,36,3165,7,3.203260311856866,5,2.628949205391109,35,34,9,1,M S,Real Sociedad,7,3.203260311856866,15.472744815051556,12.70658440887928
2255,Isco,30,1781,7,6.015413727611303,7,6.122837770730257,49,48,1,0,F M S,Real Madrid,7,6.015413727611303,20.547122050076723,12.307894717901943
2378,Daniel Parejo,34,3005,7,6.568819478154182,7,5.847736889496446,45,69,15,1,M,Valencia,1,2.109925715252757,13.467401446774602,11.953078193590043
2399,Iñaki Williams,38,2848,7,10.084132442250848,6,5.543919174000621,74,33,3,0,F M S,Athletic Club,7,10.084132442250848,15.537456013262272,2.156673088669777
2442,Kevin Gameiro,25,1115,7,5.253570985049009,2,1.496837317943573,20,9,0,0,F S,Atletico Madrid,5,3.767015676945448,5.971496663987637,1.5021010097116232
2491,Ibai Gómez,34,2330,7,4.678506854921579,6,5.418919583782554,54,39,1,0,M S,Alaves,6,3.9352248944342136,9.004192780703306,3.411826331168413
6528,Loren Morón,15,1064,7,4.627655562013388,0,1.0245117098093033,29,7,3,0,F S,Real Betis,7,4.627655562013388,6.122438084334135,1.0164764076471329
2117,Marco Asensio,32,1831,6,4.815857848152518,6,6.143162677064538,56,52,2,0,F M S,Real Madrid,6,4.815857848152518,17.635633263736963,9.533503482118247
2122,Joan Jordán,35,2418,6,4.573725696653128,4,2.9381207022815943,41,39,1,1,M S,Eibar,5,3.087169546633959,8.010485181584954,5.166041675955057
2199,Pablo Sarabia,34,2407,6,7.197415488306433,5,6.324157706461847,58,47,7,1,D F M S,Sevilla,5,6.454142438713461,15.506397999823092,5.869825180619955
2303,Samu Castillejo,30,2094,6,4.137090211734176,5,4.681202499195933,56,43,4,0,M S,Villarreal,6,4.137090211734176,14.907100779935718,9.315288858488202
4068,Florin Andone,29,1629,6,11.256516611203551,3,1.0299033019691706,56,9,6,0,F S,Deportivo La Coruna,6,10.513242637738584,11.361328288447112,0.7417480270378292
6218,Emmanuel Boateng,25,1250,6,6.9641225235536695,0,1.080112298950553,42,7,5,0,F S,Levante,6,6.9641225235536695,9.329116901382804,2.327891953289509
6219,Enes Ünal,30,1709,6,7.274648495018482,3,2.1455764062702656,44,14,1,0,F S,"Levante,Villarreal",6,7.274648495018482,9.831301369704306,2.448509033769369
452,Takashi Inui,34,2655,5,4.611844876781106,2,2.3319841027259827,64,26,4,0,F M S,Eibar,5,4.611844876781106,10.589833796024324,4.932697512209415
1826,Nicola Sansone,18,618,5,3.220907663926482,1,1.347725705243647,15,14,1,0,F M S,Villarreal,4,2.477629637345672,4.658824868500233,1.0789386816322803
2248,Casemiro,30,2609,5,3.6465658554807305,3,2.930635428056121,32,23,8,0,D M,Real Madrid,5,3.6465658554807305,19.95143999159336,15.432112030684948
2271,Fernando Torres,27,959,5,5.0594118274748325,0,0.3852905929088592,30,5,2,0,F S,Atletico Madrid,5,4.316133815795183,4.607313610613346,1.0347703956067562
2369,Toni Kroos,27,2275,5,2.983564544469118,7,6.3761608973145485,41,63,4,0,M S,Real Madrid,5,2.983564544469118,18.47698725014925,15.108688913285732
2370,Karim Benzema,32,2166,5,13.972145270556211,10,7.457150500267744,63,44,0,0,F S,Real Madrid,3,12.485717307776213,25.42226702719927,7.880558855831623
3261,Diego Rolan,26,1943,5,5.065362671390176,0,1.2237803023308516,35,20,0,0,F M S,Malaga,5,5.065362671390176,7.161972591653466,1.0553517993539572
5067,Gabriel Pires,29,2390,5,5.147876530885696,2,1.579696669243276,43,21,6,1,F M S,Leganes,4,4.404599048197269,6.481577831320465,3.886728052981198
5116,Pione Sisto,34,2543,5,4.448535276576877,9,4.938269929029048,52,42,2,0,F M S,Celta Vigo,5,4.448535276576877,15.495612774044275,8.629673698917031
5682,Gonçalo Guedes,33,2443,5,4.797543115913868,9,6.607715420424938,61,46,2,0,M S,Valencia,5,4.797543115913868,18.108088901266456,8.179078746587038
6121,Juanpe,35,3064,5,2.9670005263760686,1,0.8995682979002595,23,7,7,0,D S,Girona,5,2.9670005263760686,3.1616490269079804,2.9266997212544084
1421,Cristian Tello,32,1678,4,2.0896557960659266,3,3.4530510250478983,33,25,2,0,D F M S,Real Betis,4,2.0896557960659266,8.15765044093132,4.883279155939817
1516,Geoffrey Kondogbia,31,2621,4,2.2838944289833307,4,2.169271059334278,28,21,11,1,M S,Valencia,4,2.2838944289833307,12.760879136621952,10.715763596817853
1732,Nolito,30,1596,4,5.20962268859148,5,4.349010426551104,38,33,4,0,F M S,Sevilla,4,4.466345734894276,9.889684310182927,4.264166861772537
1836,Franco Vázquez,30,1852,4,6.135006302967668,6,5.68525973893702,55,41,5,0,M S,Sevilla,4,6.135006302967668,14.475413665175438,4.949966481886804
2148,Joaquín,35,2492,4,4.059839891269803,7,6.733997026458383,33,50,7,0,F M S,Real Betis,4,4.059839891269803,13.777011658996344,7.674062746576965
2218,Guerrero,22,1438,4,5.542281481437385,3,1.8131480226293208,30,14,3,0,F S,Leganes,4,4.799005481414497,6.945415293797851,1.5219093235209584
2231,Markel Bergara,18,1472,4,3.361121660098433,1,0.0682608997449278,16,2,5,0,M,Getafe,4,3.361121660098433,0.7454012017697096,0.2236773986369371
2246,Sergio Ramos,26,2295,4,5.440105929970741,1,1.782946485094726,28,14,7,2,D,Real Madrid,2,3.210404855199158,15.794404178857803,13.562150090932846
2253,Lucas Vázquez,33,1659,4,4.90996652841568,7,6.137834568507969,33,52,3,0,F M S,Real Madrid,4,4.90996652841568,17.65176068339497,9.382658326998351
2269,Koke,35,2765,4,2.606788887642324,4,6.050463899970055,29,51,3,0,F M S,Atletico Madrid,4,2.606788887642324,14.215610736981034,8.605912055820227
2284,Daniel Wass,35,2944,4,3.974273569881916,9,6.180295278318226,52,55,4,0,D M S,Celta Vigo,4,3.974273569881916,16.576309601776302,9.739907330833375
2342,Gonzalo Castro,26,2083,4,3.469111543148756,2,2.557733299210668,32,31,4,1,M,Malaga,3,2.7262196354568005,5.88761655241251,2.6642782418057323
2358,Jonathan Viera,23,1993,4,5.653494576923549,3,6.395737191662192,39,62,4,0,M,Las Palmas,3,3.4236613558605318,10.870012428611515,5.734954625368118
2380,Paco Alcácer,17,690,4,3.5070710461586714,3,2.353290319442749,15,10,0,0,F M S,Barcelona,4,3.5070710461586714,7.622964819893241,2.03114671073854
2401,Muniain,14,769,4,2.6360861947759986,2,1.6886724028736353,18,15,1,0,M S,Athletic Club,4,2.6360861947759986,5.916955508291721,2.718520835042
2409,Eraso,34,2546,4,4.562765616923571,3,2.634765817783773,32,32,4,0,F M S,Leganes,4,4.562765616923571,7.389079724438488,2.56746148923412
2528,Ivi,29,1759,4,2.7635264452546835,3,2.5139585696160798,39,22,3,0,F M S,Levante,3,2.020248932763934,6.062521194107831,2.759987724944949
2571,Sergio Canales,36,1921,4,3.68601181358099,5,5.778794072568417,67,56,4,0,F M S,Real Sociedad,4,3.68601181358099,11.397714225575328,5.645110473036766
5169,Youssef En-Nesyri,25,1590,4,4.49093284830451,0,0.7090413132682443,45,10,1,1,F S,Malaga,4,3.747655849903822,5.096108174882829,1.026206500828266
323,Adnan Januzaj,28,1584,3,7.852530719712377,5,5.590052049607039,58,35,4,0,F M S,Real Sociedad,3,7.852530719712377,13.14243089221418,3.461401954293251
802,Diego Costa,15,1051,3,3.701810821890831,3,2.2465483359992504,25,13,6,1,F S,Atletico Madrid,3,3.701810821890831,6.15992571413517,0.6893154866993427
1520,Éver Banega,31,2392,3,3.767288879491389,3,5.499967768788338,37,67,9,1,M S,Sevilla,0,1.5374555187299848,13.872856736183168,10.179127091541886
2073,Coke,17,1386,3,2.3141253739595413,0,0.4170315060764551,11,11,4,1,D M S,Levante,3,2.3141253739595413,5.998906906694174,3.767509737983346
2127,Iván Ramis,16,1307,3,1.1004803944379091,0,0.0,14,0,4,0,D S,Eibar,3,1.1004803944379091,1.2125264815986156,1.1724489890038967
2133,Adrián,29,2339,3,3.8809046214446425,0,1.2095747888088226,35,18,8,1,F M S,Malaga,2,3.1376272151246667,5.003504039719701,2.744005685672164
2135,Sergi Enrich,19,1334,3,2.62420666962862,1,1.5713594257831571,32,16,2,0,F S,Eibar,3,2.62420666962862,4.808852642774582,1.115918569266796
2163,Diego Llorente,27,2331,3,2.1779742753133178,0,0.0,21,0,8,1,D S,Real Sociedad,3,2.1779742753133178,7.256923958659172,6.91695998609066
2228,Aritz Elustondo,19,1600,3,1.4956607036292553,2,0.5091953054070473,11,7,1,0,D S,Real Sociedad,3,1.4956607036292553,4.920389881357551,4.666383458301425
2233,Xabi Prieto,26,1949,3,2.43590977974236,5,5.37780330516398,16,42,1,0,F M S,Real Sociedad,2,1.6926317531615496,11.092750199139118,6.300606295466423
2247,Nacho,27,2072,3,1.1693945173174145,0,0.325831800699234,10,5,7,0,D S,Real Madrid,3,1.1693945173174145,11.573009196668863,11.028806153684856
2252,Borja Mayoral,14,335,3,3.319488652050495,1,0.5535392742604017,15,2,0,0,F S,Real Madrid,3,3.319488652050495,4.640597324818373,1.460939820855856
2272,Yannick Carrasco,17,894,3,2.4963010773062706,4,2.72284023091197,25,17,3,0,D M S,Atletico Madrid,3,2.4963010773062706,5.760901879519224,1.3277409160509706
2285,Fabián Orellana,17,1177,3,3.4973275838419795,2,3.7427511885762215,28,29,4,1,F M S,Eibar,3,3.4973275838419795,6.324060007929802,1.7033830750733614
2286,Pablo Hernández,30,1811,3,1.46821422688663,2,1.7553022187203169,17,14,5,0,M S,Celta Vigo,3,1.46821422688663,7.157594239339232,5.874573333188891
2287,John Guidetti,25,1338,3,3.0328159369528294,3,2.2803292013704777,33,15,3,0,F S,"Alaves,Celta Vigo",3,3.0328159369528294,6.754784507676959,2.512389075011015
2301,Manu Trigueros,34,2721,3,2.8056844007223845,4,3.5171863213181496,28,43,9,1,M S,Villarreal,2,1.319514503702521,14.649347161874177,11.35245229769498
2328,Thomas Partey,33,2386,3,1.6632762104272842,0,0.5010585505515337,22,12,6,0,D M S,Atletico Madrid,3,1.6632762104272842,8.082057053223252,6.600867995992303
2335,Pablo Fornals,35,2625,3,3.1420340333133936,12,9.28544742334634,51,52,4,0,F M S,Villarreal,3,3.1420340333133936,19.16294065117836,9.312595386058092
2388,Zouhair Feddal,15,1259,3,0.8043298088014126,0,0.0361803993582725,6,1,7,0,D S,Real Betis,3,0.8043298088014126,3.43445766158402,3.43445766158402
2405,Markel Susaeta,34,2274,3,2.077514505945146,2,5.24782470241189,27,54,2,0,M S,Athletic Club,3,2.077514505945146,6.842869507148862,4.274529404938221
2447,Fabián,34,2668,3,1.5646076053380966,6,2.4493958987295628,40,33,3,0,M S,Real Betis,3,1.5646076053380966,13.8428217433393,10.767834978178144
2466,Celso Borges,32,2303,3,2.793806629255414,3,2.5376510992646217,32,26,3,1,F M S,Deportivo La Coruna,3,2.793806629255414,7.388216707855463,4.784754516556859
2521,Alfonso,33,2439,3,3.498719295486808,5,4.08057287055999,42,30,5,0,D M S,Alaves,3,3.498719295486808,7.3009738475084305,2.3886415772140026
2532,Amath Diedhiou,37,2904,3,4.8221021527424455,3,2.9824309162795544,42,23,9,0,F M S,Getafe,3,4.8221021527424455,9.050886495038869,1.779053726233542
2566,Roger,17,958,3,4.829180559143424,2,1.7582078082486987,27,10,4,0,F S,Levante,2,4.0859025325626135,6.545784609392285,1.3301166892051697
3226,Ousmane Dembélé,17,930,3,2.521467601880431,6,4.128066811710596,21,28,2,0,F M S,Barcelona,3,2.521467601880431,11.08146962337196,6.012609027326107
5045,Manu García,30,2439,3,2.888023244217038,0,0.8546561133116484,26,16,9,0,M S,Alaves,3,1.401467191055417,5.573170676827431,4.055622825399041
5047,Rubén Sobrino,28,1460,3,3.6023959908634424,2,1.083884984254837,24,20,5,0,F M S,Alaves,3,3.6023959908634424,5.534280706197023,1.1711516790091991
5050,Clement Lenglet,35,3000,3,2.594841768965125,1,0.8592732157558203,13,5,9,0,D S,Sevilla,3,2.594841768965125,5.999788048677146,5.865513150580227
5188,Borja Valle,17,467,3,3.10391349485144,2,1.2369736842811108,15,9,1,0,F S,Deportivo La Coruna,3,3.10391349485144,4.167997650802136,0.9054257944226264
6288,Michael Olunga,14,425,3,3.492476899176836,1,0.4587980080395937,17,6,0,0,F S,Girona,3,3.492476899176836,4.202476985752583,0.8058996088802814
76,Fabian Schär,25,2221,2,3.2088335007429123,2,0.7313738092780113,18,7,10,0,D,Deportivo La Coruna,2,3.2088335007429123,4.9804853945970535,3.693453431129456
506,Joel Campbell,8,204,2,0.8204422714188695,1,0.444567309692502,7,5,1,0,M S,Real Betis,2,0.8204422714188695,2.3131253449246287,1.245305873453617
575,Nordin Amrabat,30,1620,2,3.4116753614507616,4,3.508262073621154,37,23,5,1,F M S,Leganes,2,3.4116753614507616,8.691795971244574,2.123086029663682
1016,Miguel Layún,16,1175,2,1.1077630128711462,0,1.1912621017545462,22,11,4,0,D M S,Sevilla,2,1.1077630128711462,4.507514612749219,2.9548199865967035
1701,Borja Bastón,20,967,2,4.402471374720335,0,0.1119592990726232,27,4,2,0,F S,Malaga,1,2.9165613166987896,3.893847186118364,1.263245601207018
2092,Gerard Piqué,30,2634,2,2.6340295244008303,0,1.0530619286000729,18,6,9,0,D S,Barcelona,2,2.6340295244008303,18.46477400884032,16.717330127954483
2093,Jordi Alba,33,2744,2,2.8192177526652813,8,6.688925165683031,15,38,8,0,D S,Barcelona,2,2.8192177526652813,27.71729727089405,22.19618148263544
2149,Francisco Portillo,33,2469,2,3.492481092922389,3,2.939778061583638,20,23,6,0,M S,Getafe,1,2.005927125923336,7.917228672653437,3.94843115657568
2193,Cala,20,1800,2,1.7244755309075115,2,0.988704483024776,16,6,9,0,D,Getafe,2,1.7244755309075115,1.958661887794733,1.4465707764029505
2196,Álvaro Medrán,18,1009,2,1.0587891144677997,0,0.8665031176060438,18,11,2,0,M S,"Alaves,Valencia",2,1.0587891144677997,2.9053191654384136,1.5709971133619547
2215,Alen Halilovic,20,1307,2,1.527150934562087,1,1.5836089979857206,38,20,1,1,M S,Las Palmas,2,1.527150934562087,2.998553115874529,1.2473648972809317
2257,Marcelo,28,2264,2,1.3943550949916244,6,7.034804787486792,33,57,3,1,D M S,Real Madrid,2,1.3943550949916244,16.830592900514603,11.973127976059914
2266,Saúl Ñíguez,36,3157,2,2.5630453880876303,3,3.224197273142636,53,21,9,0,D M S,Atletico Madrid,2,2.5630453880876303,10.57580017670989,5.7751022186130285
2274,Luciano Vietto,20,790,2,1.727736759930849,1,1.59965268522501,13,15,2,0,F S,"Atletico Madrid,Valencia",2,1.727736759930849,4.100163312628865,1.6515394188463688
2280,Jonny,36,3208,2,1.885448078624904,1,1.7965966258198025,15,22,10,0,D,Celta Vigo,2,1.885448078624904,15.26602577138692,12.630613301880658
2296,Mario,32,2804,2,1.1825353065505624,3,2.483893534168601,30,31,6,0,D S,Villarreal,2,1.1825353065505624,11.698693605139852,9.01901888102293
2298,Víctor Ruiz,27,2417,2,1.1696073077619076,1,0.1070834994316101,5,3,9,1,D,Villarreal,2,1.1696073077619076,9.093526380136607,9.031139420345426
2308,Denis Suárez,18,578,2,2.026572460308671,2,2.1335640475153923,12,15,1,0,F M S,Barcelona,2,2.026572460308671,7.690573822706938,4.327626219019294
2318,Fede Cartabia,20,1342,2,1.5265195742249489,1,1.137506297789514,32,22,6,0,F M S,Deportivo La Coruna,2,1.5265195742249489,5.612024056725204,3.93543956335634
2357,Nabil El Zhar,30,1982,2,4.284347025677562,2,2.5459481067955494,45,25,2,0,M S,Leganes,2,4.284347025677562,8.80682197213173,2.9038181733340025
2382,Pablo Piatti,30,1759,2,2.9362435322254896,3,3.932149114087224,30,41,0,0,M S,Espanyol,1,2.192968485876918,6.615330396220088,2.8904673252254725
2446,Dani Ceballos,12,392,2,0.3801713082939386,0,0.2415057979524135,7,4,0,0,M S,Real Madrid,2,0.3801713082939386,1.7825064957141876,1.278340395539999
2494,Denis Cheryshev,24,913,2,5.407601859420538,1,3.961470099166036,29,17,2,0,F M S,Villarreal,2,5.407601859420538,10.82306907698512,4.025333803147078
2502,Claudio Beauvue,28,1667,2,4.133477680850774,0,1.1806244030594826,40,9,4,0,F S,Leganes,2,4.133477680850774,7.004984939470887,2.101063258945942
2511,Vitolo,23,1312,2,2.2885870710015297,2,1.8596445880830288,14,10,1,1,F M S,"Atletico Madrid,Las Palmas",2,2.2885870710015297,6.459530806168914,3.8148717069998384
2586,Anaitz Arbilla,29,2406,2,0.7970756981521845,1,0.3862068830057978,18,9,8,0,D S,Eibar,2,0.7970756981521845,3.265873447060585,3.056176343932748
3343,Ryad Boudebouz,27,1362,2,0.6656590979546309,3,2.6063171019777656,19,28,2,0,F M S,Real Betis,2,0.6656590979546309,6.909676996991038,5.991242628544569
4060,Sergio García,33,1618,2,3.9021843411028394,6,4.036344254389405,39,26,4,0,F M S,Espanyol,2,3.9021843411028394,10.51498925499618,4.101618694141507
4070,Borja,37,2815,2,2.315407380461693,5,4.34428820386529,51,55,2,0,M S,Girona,2,2.315407380461693,7.536494673695415,4.114218323025852
4107,Unai Bustinza,20,1636,2,2.395609587430954,0,0.2010729052126407,15,3,5,0,D S,Leganes,2,2.395609587430954,2.398817580193281,2.1422454845160246
4699,Simon Kjaer,20,1569,2,1.250193001702428,0,0.0880468003451824,9,2,3,0,D S,Sevilla,2,1.250193001702428,2.11400019004941,2.11400019004941
5036,Riza Durmisi,24,2079,2,1.995589432306588,3,2.4570073131471872,18,18,4,0,D M S,Real Betis,2,1.995589432306588,8.30363910831511,4.579727828502655
5037,Darko Brasanac,23,1198,2,1.503864286467433,0,0.6347999013960361,10,17,3,0,M S,Leganes,2,1.503864286467433,3.1815681029111147,1.4989937646314502
5044,Víctor Laguardia,17,1530,2,0.7750486005097628,0,0.068251296877861,5,1,3,0,D,Alaves,2,0.7750486005097628,1.6570820920169351,1.6123203933238983
5065,Diego Rico,26,2229,2,1.476816705428064,2,3.593026300892234,25,27,8,1,D,Leganes,2,1.476816705428064,6.110122092068195,3.179548218846321
5066,David Timor,17,926,2,1.0794852883554995,0,0.1765096019953489,12,6,8,0,D M S,Girona,2,1.0794852883554995,1.4753631646744907,1.2602581144310534
5068,Alexander Szymanowski,13,1065,2,2.0061730965971947,2,2.82715280726552,19,20,1,0,M,Leganes,1,1.2628950905054808,3.0770975099876523,0.7665385873988271
5111,Ganso,8,526,2,1.5784047078341246,0,0.3805523989722132,7,8,0,0,M S,Sevilla,2,1.5784047078341246,3.6403621658682814,1.984830677509308
5115,Christian Santos,10,427,2,1.1287139197811484,0,0.0222485000267624,7,2,2,1,F S,Alaves,2,1.1287139197811484,1.1606950061395764,0.1707648010924458
5197,Achraf Hakimi,9,758,2,0.4125137999653816,0,0.2857932010665536,4,5,0,0,D S,Real Madrid,2,0.4125137999653816,4.683478727936745,4.142429947853088
5199,Raba,21,1118,2,2.569249803200364,4,3.942798851057887,18,24,3,1,F M S,Villarreal,2,2.569249803200364,8.738412141799927,3.754219414666295
6115,Aday Benítez,31,1834,2,2.5552080124616623,0,1.1801441749557853,33,22,10,0,D S,Girona,1,1.0686528161168098,3.394571715965867,2.0783986933529377
6164,Andrés Guardado,29,2271,2,2.516694141551852,8,5.365696353837848,33,45,7,0,M S,Real Betis,1,1.7734161298722029,12.117923758924007,7.903670797124505
6485,Júnior Firpo,14,1189,2,1.47889069840312,2,1.6668476704508066,13,9,4,0,D,Real Betis,2,1.47889069840312,5.099801726639271,2.969936892390251
112,Alejandro Gálvez,22,1980,1,1.0215850919485092,0,0.0805446002632379,18,2,6,1,D,"Eibar,Las Palmas",1,1.0215850919485092,2.478121992200613,2.3521574027836323
497,Francis Coquelin,9,655,1,0.2711239978671074,0,0.0595140010118484,4,2,2,0,D M S,Valencia,1,0.2711239978671074,1.2444440964609385,0.9741561990231276
591,Gerard Deulofeu,10,504,1,1.1435280740261078,1,1.7528079841285944,8,10,1,0,F M S,Barcelona,1,1.1435280740261078,5.607951045036316,3.1702265068888664
616,Jesús Navas,26,1762,1,1.2897649332880974,0,3.108671216294169,20,31,2,0,D F M S,Sevilla,1,1.2897649332880974,8.939770419150591,4.975670002400875
922,Andreas Pereira,23,1074,1,0.956101903691888,3,1.9506700783967967,14,20,5,0,M S,Valencia,1,0.956101903691888,3.6655119098722935,1.7044094242155552
1008,Brown Ideye,13,731,1,1.4682373832911253,0,0.5990216955542564,10,4,2,0,F S,Malaga,1,1.4682373832911253,1.3790041822940111,0.3137051034718752
1055,Aleix García,20,839,1,0.2540684146806597,0,1.448358377441764,11,13,3,0,M S,Girona,1,0.2540684146806597,1.7633881997317076,1.2812946047633886
1131,Rodrigo Ely,31,2691,1,0.5966370608657598,0,0.2542164959013462,17,2,10,1,D S,Alaves,1,0.5966370608657598,3.231950712390244,3.1202221075072885
1809,Joaquín Correa,21,1199,1,2.081547237932682,1,1.9151415145024655,24,23,5,0,F M S,Sevilla,1,2.081547237932682,6.741611753590405,3.8639633785933256
1847,Giampaolo Pazzini,9,444,1,2.0936213210225105,0,0.0,10,0,1,0,F S,Levante,1,2.0936213210225105,1.3798852637410164,0.0
1857,David López,37,3330,1,1.916245132684708,1,0.6762349931523204,14,8,7,0,D M,Espanyol,1,1.916245132684708,8.583551309537143,7.74985638493672
2070,Carlos Fernández,2,140,1,0.3218149989843368,0,0.1274074036628008,5,3,0,0,F,Sevilla,1,0.3218149989843368,0.8536673933267593,0.4472900032997131
2071,Diego González,18,1435,1,0.5338872894644737,0,0.5772257056087255,12,3,5,0,D S,Malaga,1,0.5338872894644737,1.4611999727785587,0.785277514718473
2079,Rubén Rochina,5,146,1,0.825488006696105,0,0.0103192999958992,7,1,0,0,M S,Levante,1,0.825488006696105,0.9212698005139828,0.0854625031352043
2085,Lombán,13,993,1,0.2033436018973589,0,0.0187107995152473,4,1,3,0,D S,Eibar,1,0.2033436018973589,0.5163954943418503,0.5163954943418503
2094,Ivan Rakitic,35,2838,1,2.134486608207226,5,4.298816066235304,28,29,4,0,M S,Barcelona,1,2.134486608207226,26.890639008954167,23.08705664984882
2095,Sergio Busquets,31,2604,1,0.7376673836261034,4,1.7641702145338058,5,24,8,0,M S,Barcelona,1,0.7376673836261034,22.402658661827445,21.18860800564289
2096,Andrés Iniesta,30,1853,1,0.7603188054636121,2,1.8172359727323053,16,17,1,0,M S,Barcelona,1,0.7603188054636121,12.563675181940198,10.701052874326706
2103,Aleix Vidal,15,455,1,1.385966993868351,1,1.0292116813361645,8,4,0,0,F M S,Barcelona,1,1.385966993868351,5.041250057518482,2.8753169998526573
2104,Sergi Roberto,30,2228,1,0.7927183983847499,7,4.332140509039164,8,23,3,2,D M S,Barcelona,1,0.7927183983847499,20.116184942424297,17.805054919794202
2150,Rubén Castro,10,349,1,2.147383783943951,1,0.4335024878382683,9,2,0,0,F S,Real Betis,0,1.404105787165463,2.0601633936166763,0.2225557006895542
2194,Damián Suárez,33,2878,1,0.5589118618518114,4,2.7677271123975515,10,36,14,1,D,Getafe,1,0.5589118618518114,6.028074331581593,4.477730613201857
2226,Zaldúa,30,2562,1,0.4073146721348166,0,2.0424171071499586,11,15,9,1,D S,Leganes,1,0.4073146721348166,4.943091803230345,3.633634869940579
2238,Jon Bautista,11,168,1,0.8858206048607826,0,0.0333847999572753,6,1,0,0,F S,Real Sociedad,1,0.8858206048607826,0.9192058071494102,0.0
2240,Esteban Granero,25,1221,1,0.5093390047550201,2,1.6272522881627085,13,17,5,0,M S,Espanyol,1,0.5093390047550201,3.597820155322552,2.5163623951375484
2250,Luka Modric,26,1979,1,2.070788508281112,6,4.686722414568067,35,39,3,0,M S,Real Madrid,1,2.070788508281112,19.871693924069405,15.434871062636375
2265,Filipe Luis,20,1662,1,0.2604992976412177,2,2.1899991557002068,5,19,4,0,D M S,Atletico Madrid,1,0.2604992976412177,5.561168309301138,3.944847978651524
2278,Giménez,23,1683,1,0.8161482037976384,1,0.7172719910740852,12,6,6,0,D S,Atletico Madrid,1,0.8161482037976384,2.688579906709492,2.499347168952226
2282,Sergi Gómez,33,2682,1,1.1746284067630768,0,0.6867827996611595,14,5,3,0,D S,Celta Vigo,1,1.1746284067630768,6.2713778875768185,5.465524412691593
2314,Sidnei,21,1780,1,0.6786965969949961,1,0.7149666431359947,9,5,4,0,D,Deportivo La Coruna,1,0.6786965969949961,3.394270433112979,2.8400309216231108
2319,Faycal Fajr,31,2380,1,1.4533948842436075,4,2.553024181164801,22,34,7,0,M S,Getafe,1,0.7101172003895044,6.211647748947144,4.21660097874701
2331,Roberto Rosales,35,3126,1,0.4954422954469919,0,2.7666206108406186,18,53,10,0,D,Malaga,1,0.4954422954469919,6.835414216853678,5.57159561663866
2333,Raúl Albentosa,20,1747,1,1.5812898185104132,0,0.1372046004980802,11,3,5,0,D S,Deportivo La Coruna,1,1.5812898185104132,3.2660234104841948,2.753217998892069
2337,Recio,22,1841,1,1.889984514564276,2,1.9569622948765757,26,24,9,1,M S,Malaga,0,1.146707195788622,4.446301089599729,3.406430504284799
2352,David García,11,858,1,0.5757188908755779,0,0.1802510004490614,5,4,2,0,D S,Las Palmas,1,0.5757188908755779,0.8303497955203056,0.8025231882929802
2359,Tana,24,1552,1,1.9745752923190596,1,1.1884200032800436,14,21,2,0,F M S,Las Palmas,1,1.9745752923190596,5.789995728060603,3.690795011818409
2390,Víctor Camarasa,24,1253,1,1.424683810211718,0,1.2761706141754985,21,13,1,0,F M S,Real Betis,1,1.424683810211718,5.102117323316634,3.113215872086585
2394,Etxeita,5,380,1,0.8194819185882807,0,0.0,4,0,2,0,D,Athletic Club,1,0.8194819185882807,1.0544097051024437,1.0544097051024437
2395,San José,26,2159,1,1.959894015453756,1,1.2783361990004778,20,13,5,0,M S,Athletic Club,1,1.959894015453756,5.111494826152921,3.834939451888204
2413,Steven N&#039;Zonzi,27,2215,1,1.6382907992228866,2,1.1924784146249294,22,13,2,0,M S,Sevilla,1,1.6382907992228866,8.484014183282852,6.737291960045695
2416,Carlos Vela,13,363,1,1.908620182424784,0,0.4880867041647434,11,9,0,0,F M S,Real Sociedad,1,1.908620182424784,2.655395714566112,1.269273729994893
2417,Igor Zubeldia,25,1573,1,0.4527466809377074,2,0.1610048972070217,20,6,2,1,D M S,Real Sociedad,1,0.4527466809377074,5.875843948684633,5.413105146028101
2419,Cabral,26,1893,1,0.5069958018139005,1,0.2764149978756904,10,2,5,0,D S,Celta Vigo,1,0.5069958018139005,4.230613226071,4.230613226071
2432,Burgui,23,1031,1,0.5497211990877986,0,1.7987968120723965,15,18,1,0,F M S,Alaves,1,0.5497211990877986,4.564637003466487,2.704644177109003
2437,Gonzalo Escalante,28,1559,1,1.4434312051162124,0,0.9681358952075244,24,9,3,0,M S,Eibar,1,1.4434312051162124,4.192405306734145,2.9320897068828344
2443,Michael Krohn-Dehli,24,1268,1,0.5720943948253989,1,0.5197055861353874,13,4,2,0,M S,"Deportivo La Coruna,Sevilla",1,0.5720943948253989,6.604775920510292,6.044124636799097
2452,De Marcos,21,1667,1,2.432440157979727,2,2.3997742105275397,13,21,5,0,D M S,Athletic Club,1,2.432440157979727,8.091163154691458,4.965842567384243
2453,Marc Bartra,16,1423,1,0.8438349538482726,0,0.32352040335536,11,5,6,0,D,Real Betis,1,0.8438349538482726,5.566728705540299,5.301913399249315
2478,Carlos Soler,33,2373,1,4.584166933782399,4,4.133552525192499,45,35,4,0,M S,Valencia,1,4.584166933782399,13.724157612770796,7.138436309993267
2482,Tomás Pina,30,2403,1,1.044402725994587,0,1.276467703282833,13,10,6,0,M S,Alaves,1,1.044402725994587,4.923389382660389,2.96635009534657
2484,Iñigo Martínez,28,2497,1,1.7411906756460669,1,1.6066152285784483,19,9,6,0,D,"Athletic Club,Real Sociedad",1,1.7411906756460669,6.499426620081067,5.131628127768636
2496,Rodri,37,3230,1,1.3473293026909232,3,1.6982475044205785,32,23,8,0,M S,Villarreal,1,1.3473293026909232,17.09329266101122,15.516057373955846
2500,Luisinho,30,2622,1,0.4039575839415192,1,2.1884933141991496,16,18,12,0,D S,Deportivo La Coruna,1,0.4039575839415192,6.557682074606419,4.9285506792366505
2572,Alexis,28,2182,1,0.7970819063484669,0,0.2424672972410917,13,5,6,0,D S,Alaves,1,0.7970819063484669,2.661610083654523,2.2616105899214745
2609,Gerard Gumbau,25,1432,1,0.4260437022894621,0,0.2199118956923484,16,5,8,0,M S,Leganes,1,0.4260437022894621,3.1071210270747542,2.698725249618292
2621,Sergi Darder,35,2798,1,1.0242326986044643,2,2.5139326080679893,29,28,7,0,M S,Espanyol,1,1.0242326986044643,7.730753335636109,6.103808262851089
3061,Javi García,32,2407,1,1.0119615979492664,0,0.6768276076763868,11,10,7,0,D M S,Real Betis,1,1.0119615979492664,6.690130271017551,5.942953135818243
3237,Aissa Mandi,34,3025,1,3.825914648361504,0,0.196028096601367,14,4,9,1,D,Real Betis,1,3.825914648361504,8.835080566816032,8.233099965378642
3264,Mauro Arambarri,27,2148,1,1.6516106445342302,1,1.84626629203558,21,9,8,1,M S,Getafe,1,1.6516106445342302,3.75965613219887,2.165465328842401
3305,Paul Baysse,15,1239,1,1.0593539280816913,0,0.0,11,0,1,0,D S,Malaga,1,1.0593539280816913,0.9310479741543533,0.922057693824172
3567,Samuel Umtiti,25,2190,1,0.9446051046252252,0,0.0636790990829467,9,1,7,0,D S,Barcelona,1,0.9446051046252252,13.100010184571149,13.00415220670402
4034,José Campaña,35,2743,1,1.392322963103652,4,4.560950873419642,22,50,8,1,M S,Levante,1,1.392322963103652,9.58144910261035,5.669647563248873
4059,Héctor Moreno,8,720,1,1.2342789992690086,0,0.0620372984558343,8,2,1,0,D,Real Sociedad,1,1.2342789992690086,1.6466567106544971,1.523852605372667
4076,Jason,27,1796,1,2.6234454037621617,2,2.840635472908616,33,26,2,0,F M S,Levante,1,2.6234454037621617,5.545222350396216,1.275459018535912
4741,Cheick Doukoure,19,1025,1,0.9945537019520998,0,0.2671302016824484,18,4,4,0,M S,Levante,1,0.9945537019520998,1.8220203798264265,0.883721305988729
5064,Dimitrios Siovas,24,2063,1,1.650149317458272,1,0.8126923218369484,18,2,8,1,D,Leganes,1,1.650149317458272,3.3853469118475914,3.365850612521172
5075,Rubén Peña,28,1725,1,0.5937667917460203,0,0.8551078997552395,12,17,1,0,D F M S,Eibar,1,0.5937667917460203,3.248620100319385,2.457405401393771
5077,Mikel Vesga,12,814,1,1.2148152962327003,1,0.5997877512127161,7,8,6,0,M S,Athletic Club,1,1.2148152962327003,2.085177576169372,1.1164496447890997
5079,Erik Exposito,10,455,1,0.6502666138112545,0,0.2468267008662223,9,4,0,0,F S,Las Palmas,1,0.6502666138112545,1.278836701065302,0.4878954011946916
5080,Emre Colak,26,1461,1,1.410325102508068,1,3.836214777082205,17,37,4,0,F M S,Deportivo La Coruna,1,1.410325102508068,8.802107229828835,5.839090149849653
5085,Marc Navarro,19,1102,1,0.6131503973156214,0,0.8446599286980927,20,9,3,0,D S,Espanyol,1,0.6131503973156214,2.5520244762301445,1.9030408803373573
5119,Martín Mantovani,14,1018,1,1.1187462341040373,0,0.1151212975382804,5,2,3,0,D S,Leganes,1,1.1187462341040373,0.3911065999418497,0.3734655994921922
5134,Óscar Melendo,18,668,1,0.5072986949235201,1,0.4416249878704548,8,9,1,0,M S,Espanyol,1,0.5072986949235201,1.978725377470255,1.1288878861814735
5153,Kévin Rodrigues,20,1632,1,0.3187224734574556,2,1.0056648049503565,14,15,2,0,D S,Real Sociedad,1,0.3187224734574556,5.318510084412992,4.341934211552143
5162,Nacho Vidal,7,447,1,0.4081783965229988,0,0.0173020996153354,3,1,1,0,D S,Valencia,1,0.4081783965229988,0.9552668333053588,0.5605259984731674
5209,Naranjo,16,561,1,0.6574835870414972,0,0.3012151927687228,9,7,2,0,M S,Leganes,1,0.6574835870414972,0.7931746994145215,0.219533396884799
5272,Emre Mor,23,643,1,0.780384368263185,2,1.9865708835422995,12,14,4,0,F M S,Celta Vigo,1,0.780384368263185,2.9539018804207444,1.458084188401699
6114,Pedro Alcalá,8,692,1,1.0010818019509315,0,0.2761589884757995,8,1,4,0,D,Girona,1,1.0010818019509315,0.6822579894214869,0.67329909093678
6116,Álex Granell,34,2859,1,2.3346110014244914,7,7.581045691855252,44,74,11,0,M S,Girona,1,1.5913332933560014,7.989005208015442,5.760016845539212
6135,Guido Pizarro,24,1754,1,0.9151407945901155,0,0.9331960082054138,13,8,9,0,M S,Sevilla,1,0.9151407945901155,6.31006820872426,5.370854204520583
6136,Mario Hermoso,22,1928,1,1.3885014224797487,0,0.139458199031651,10,5,5,1,D,Espanyol,1,1.3885014224797487,3.937572413124144,3.798315995372832
6149,Unai Núñez,33,2942,1,3.325282630510628,0,0.6675753816962242,21,3,11,0,D,Athletic Club,1,3.325282630510628,6.20492878369987,6.092939777299762
6150,Iñigo Córdoba,30,1459,1,1.3143236795440316,1,2.064091097563505,18,16,3,0,M S,Athletic Club,1,1.3143236795440316,6.316434167325497,3.424851903691888
6151,Djené Dakonam,36,3240,1,0.5381969977170229,0,0.1857973001897335,11,3,9,0,D,Getafe,1,0.5381969977170229,3.10546222794801,2.95126742310822
6152,Álvaro Jiménez,13,521,1,0.5149178905412555,1,0.7418181020766497,9,7,3,1,M S,Getafe,1,0.5149178905412555,1.2114200172945857,0.1992574986070394
6153,Gaku Shibasaki,22,1003,1,0.8869528993964195,0,0.8745916481129825,10,9,2,0,F M S,Getafe,1,0.8869528993964195,3.0653464272618294,1.6602153033018112
6166,Francis,14,993,1,0.2544687986373901,0,0.5319052133709192,4,8,2,0,D F M S,Real Betis,1,0.2544687986373901,3.529885686002672,3.1711720349267125
6215,Sergio Postigo,30,2426,1,0.2611621310934424,0,0.8656424023211002,7,5,6,0,D S,Levante,1,0.2611621310934424,6.2973264856264,5.898931219242513
6216,Chema Rodríguez,25,2016,1,0.2938317023217678,1,0.7779562249779701,7,4,7,1,D S,Levante,1,0.2938317023217678,4.495608203113079,3.7396536860615015
6226,Iván Alejo,22,1110,1,0.4845955036580562,3,2.028617646545172,13,17,5,0,F M S,Eibar,1,0.4845955036580562,3.2170385103672743,0.8361466936767101
6227,Brais Méndez,20,949,1,1.8407847080379725,1,1.8268002159893515,22,10,0,0,F M S,Celta Vigo,1,1.8407847080379725,6.1128133945167065,2.7581852674484253
6368,Mathías Olivera,3,101,1,0.262017011642456,0,0.0800834000110626,1,1,0,0,M S,Getafe,1,0.262017011642456,0.4103479981422424,0.1483310014009475
6494,Roger Martínez,8,224,1,0.5255479011684656,0,0.0,11,0,1,0,F S,Villarreal,1,0.5255479011684656,0.5861331932246685,0.1580239003524184
6496,Ermedin Demirovic,3,181,1,1.344413012266159,1,0.0422453992068767,6,1,0,0,F S,Alaves,1,1.344413012266159,1.471847966313362,0.1014273017644882
6533,Anthony Lozano,14,455,1,1.0591608099639416,0,0.2236897014081478,17,4,0,0,F M S,Girona,1,1.0591608099639416,1.6473297029733658,0.4511272944509983
46,Jairo Samperio,11,556,0,0.638067714869976,0,0.6489579007029533,9,4,1,0,D F M S,Las Palmas,0,0.638067714869976,0.9474907070398332,0.2863534986972809
55,Przemyslaw Tyton,2,97,0,0.0,0,0.0,0,0,0,0,GK S,Deportivo La Coruna,0,0.0,0.0,0.0
336,Johannes Geis,14,666,0,0.1712682032957673,1,0.4120760019868612,6,5,0,0,D M S,Sevilla,0,0.1712682032957673,1.9723055195063357,1.848876414820552
493,Gabriel,30,2584,0,1.048004299402237,0,0.0607006978243589,15,3,5,1,D S,Valencia,0,1.048004299402237,5.023728543892503,4.886956047266722
580,Costel Pantilimon,6,540,0,0.0,0,0.0,0,0,0,0,GK,Deportivo La Coruna,0,0.0,0.2309677973389625,0.2309677973389625
582,Jurado,29,1514,0,0.9845726899802684,3,1.5758963972330091,13,16,1,0,F M S,Espanyol,0,0.9845726899802684,3.3769684908911586,1.334522002376616
667,Carlos Sánchez,14,1123,0,0.0693564983084797,0,0.3074078951030969,4,3,3,0,M S,Espanyol,0,0.0693564983084797,1.8788255732506516,1.5747380834072828
670,Carles Gil,10,480,0,0.3009077999740839,1,1.2444075224921107,10,12,0,0,F M S,Deportivo La Coruna,0,0.3009077999740839,2.885142032057047,2.033997718244791
715,Jefferson Montero,4,55,0,0.0,0,0.0,0,0,0,0,S,Getafe,0,0.0,0.0290465001016855,0.0290465001016855
721,Jordi Amat,25,2057,0,0.3660013088956475,0,0.0903560006991028,7,5,6,2,D M S,Real Betis,0,0.3660013088956475,6.984145987778902,6.733285993337631
860,Marc Muniesa,13,1130,0,0.0854090973734855,1,0.0471680015325546,2,1,2,0,D,Girona,0,0.0854090973734855,1.3998080091550946,1.352639907039702
871,Bojan,13,437,0,0.7814846076071262,0,0.1145191974937915,5,2,0,0,F S,Alaves,0,0.7814846076071262,1.1051165908575058,0.6071439106017351
895,Mathieu Flamini,8,484,0,0.0682476982474327,0,0.0877685025334358,1,1,1,1,M S,Getafe,0,0.0682476982474327,0.3081536963582039,0.1521378010511398
1003,Pablo Maffeo,33,2655,0,0.7782063498161733,1,2.9812839603982866,25,28,10,0,D M S,Girona,0,0.7782063498161733,9.687515206634998,6.709974942728877
1095,Ezequiel Muñoz,19,1407,0,0.1804150273092091,1,0.7068339316174388,5,5,2,0,D S,Leganes,0,0.1804150273092091,0.7034698016941547,0.7034698016941547
1167,Alberto Aquilani,21,1293,0,0.4886555057018995,0,0.4539200002327561,12,12,4,0,M S,Las Palmas,0,0.4886555057018995,3.0569204734638333,2.775176498107612
1189,Lucas Boyé,13,264,0,0.777316614985466,0,0.190494205802679,7,2,2,0,F S,Celta Vigo,0,0.777316614985466,1.276345007121563,0.4284248016774654
1297,Neto,33,2970,0,0.4786849915981293,0,0.0,1,0,2,0,GK,Valencia,0,0.4786849915981293,2.8386442065238957,2.8386442065238957
1508,Jeison Murillo,17,1375,0,0.0828819014132022,0,0.0,2,0,4,0,D S,Valencia,0,0.0828819014132022,4.315194072201848,4.315194072201848
1537,Sasa Lukic,16,996,0,0.0204434106126427,1,1.1172143993899226,2,8,4,0,M S,Levante,0,0.0204434106126427,4.983832543715835,3.863709827885032
1548,Adalberto Peñaranda,13,811,0,0.6518957912921906,0,0.4803695026785135,21,11,3,0,F M S,Malaga,0,0.6518957912921906,2.06211680918932,1.0825987048447132
1594,Hernán Toledo,15,613,0,0.163242993876338,1,0.7300128005445004,3,6,2,0,D F M S,Las Palmas,0,0.163242993876338,1.9107371335849168,1.1654918482527137
1618,Diego López,10,853,0,0.0,0,0.0,0,0,1,0,GK,Espanyol,0,0.0,0.2574218958616256,0.2574218958616256
1635,Thomas Vermaelen,14,1016,0,0.198667399585247,1,0.3396358955651521,3,3,3,0,D S,Barcelona,0,0.198667399585247,4.378916047513485,4.039279609918594
1680,Luis Hernández,36,3240,0,0.1728647984564304,1,0.4443457080051303,5,6,8,0,D,Malaga,0,0.1728647984564304,2.8420068118721247,2.72424532007426
1706,Antonio Barragán,29,2378,0,0.7094333097338676,6,3.1375094521790743,9,21,7,0,D M S,Real Betis,0,0.7094333097338676,9.690226420760157,6.863872904330492
1716,Bernardo,34,2868,0,2.179433301091194,3,1.2984678726643324,25,7,7,0,D S,Girona,0,2.179433301091194,2.792506055906415,2.3687246683984995
1724,Isaac Success,9,498,0,0.41342300362885,1,1.6377607882022858,8,7,0,0,F M S,Malaga,0,0.41342300362885,2.2391183264553547,0.1879316931590438
1810,Roberto Soriano,22,1131,0,1.6099476087838411,0,0.8033074103295803,21,13,3,0,M S,Villarreal,0,1.6099476087838411,4.975203517824411,2.9544585198163986
1823,Lucas Digne,12,702,0,0.3250336088240146,2,1.7537755146622658,2,6,2,0,D S,Barcelona,0,0.3250336088240146,4.906430575996637,2.9184551164507866
1884,Facundo Roncaglia,21,1490,0,0.521823170594871,0,0.1155955996364355,4,2,2,0,D S,Celta Vigo,0,0.521823170594871,6.678834160789847,6.57381640188396
1891,Guilherme,31,2646,0,1.825050387531519,0,1.2969966027885675,38,15,11,0,M,Deportivo La Coruna,0,1.825050387531519,8.622976223006845,7.528941364958882
1950,Martín Montoya,25,2152,0,0.2494498281739652,4,1.9880913849920037,8,13,7,0,D S,Valencia,0,0.2494498281739652,7.337739896029234,6.1294599287211895
1951,Sime Vrsaljko,21,1696,0,0.1645725015550851,4,2.877114061266184,3,14,7,0,D M S,Atletico Madrid,0,0.1645725015550851,3.959584390744567,2.61965767107904
1977,Manuel Iturra,20,1585,0,0.4006099998950958,0,0.6600474957376719,2,7,6,0,D M S,Malaga,0,0.4006099998950958,4.424765791743994,3.793707404285669
1987,Zdravko Kuzmanovic,8,482,0,0.0890317969024181,1,0.5423616394400597,3,8,0,2,M S,Malaga,0,0.0890317969024181,1.900551162660122,1.3382010934874415
2062,Nico Pareja,5,407,0,0.1662221997976303,0,0.0616155005991458,3,1,2,0,D,Sevilla,0,0.1662221997976303,0.0396000985056161,0.0396000985056161
2064,Sergio Escudero,27,2330,0,1.1754302959889174,2,0.9792449809610844,19,14,10,0,D S,Sevilla,0,1.1754302959889174,8.410417975857854,7.1278412993997335
2069,Daniel Carriço,6,457,0,0.0832707025110721,0,0.0627016015350818,2,2,1,0,D S,Sevilla,0,0.0832707025110721,2.186191910877824,2.186191910877824
2072,Sergio Rico,24,2156,0,0.0,0,0.0,0,0,2,0,GK S,Sevilla,0,0.0,1.6551706288009882,1.6551706288009882
2074,Borja Lasso,1,57,0,0.0,0,0.0736204981803894,0,1,0,0,M,Sevilla,0,0.0,0.0736204981803894,0.0
2075,Andrés Fernández,3,226,0,0.0,0,0.0,0,0,0,0,GK,Villarreal,0,0.0,0.1417175009846687,0.1417175009846687
2080,Rubén Pérez,31,2523,0,0.2345664910972118,0,0.6004881020635366,17,14,13,0,M S,Leganes,0,0.2345664910972118,6.704480344429612,6.291790992021561
2090,Marc-André ter Stegen,37,3330,0,0.0,0,0.0,0,0,0,0,GK,Barcelona,0,0.0,11.089830946177244,11.089830946177244
2091,Javier Mascherano,7,541,0,0.0,0,0.3192379921674728,0,3,0,0,D S,Barcelona,0,0.0,1.562083579599857,1.4564496874809263
2107,Pau López,29,2567,0,0.0,0,0.0643061008304357,0,2,3,0,GK S,Espanyol,0,0.0,2.0366634093225,1.9723574183881285
2108,Javi López,14,965,0,0.1327721187844872,0,0.6702021062374115,3,5,4,0,D S,Espanyol,0,0.1327721187844872,2.473367885686457,2.269936935044825
2110,Rubén Duarte,24,2144,0,0.3135174075141549,2,1.8132416810840368,8,19,8,1,D,Alaves,0,0.3135174075141549,4.772996251471341,3.790500711649656
2112,Papakouly Diop,20,1206,0,0.6063029952347279,0,0.1537078022956848,15,6,7,0,M S,"Eibar,Espanyol",0,0.6063029952347279,2.7054359931498766,2.341304996982217
2113,Víctor Sánchez,30,2465,0,0.4497967027127743,2,0.4891092982143163,13,5,13,0,D M S,Espanyol,0,0.4497967027127743,6.08982034213841,5.602961360476911
2115,Hernán Pérez,14,504,0,0.3496760055422783,0,0.4169680029153824,8,6,3,0,M S,"Alaves,Espanyol",0,0.3496760055422783,1.0859510824084282,0.4309730976819992
2125,Ander Capa,33,2244,0,0.2027461025863886,1,1.62069290317595,6,14,4,0,D M S,Eibar,0,0.2027461025863886,4.949036899954081,3.9201232828199855
2126,Mauro Dos Santos,14,977,0,0.0169546995311975,0,0.0,1,0,3,0,D S,Leganes,0,0.0169546995311975,0.3721828963607549,0.3721828963607549
2128,David Juncà,15,901,0,0.0498938988894224,2,1.4852899853140116,3,14,3,0,D S,Eibar,0,0.0498938988894224,2.719318551942706,2.241350853815675
2130,Dani García,32,2786,0,0.3793424079194665,1,1.1270978078246117,20,17,14,0,M,Eibar,0,0.3793424079194665,6.984449270181358,6.209485273808241
2131,Keko,21,1223,0,1.6467019468545914,2,1.7075446899980309,18,14,3,0,M S,Malaga,0,1.6467019468545914,3.859562560915947,0.858458511531353
2138,Asier Riesgo,1,90,0,0.0,0,0.0,0,0,0,0,GK,Eibar,0,0.0,0.0,0.0
2141,Antonio Adán,30,2700,0,0.0,2,0.5095911994576454,0,4,4,0,GK,Real Betis,0,0.0,3.128831264562905,2.6821012469008565
2144,Alfred N&#039;Diaye,2,99,0,0.0,0,0.0,0,0,0,0,D S,Villarreal,0,0.0,0.0169450007379055,0.0169450007379055
2151,Francisco Molinero,10,564,0,0.0775313014164567,0,0.135598599910736,4,2,5,0,D S,Getafe,0,0.0775313014164567,0.6323804082348943,0.5139345042407513
2156,Dani Giménez,4,308,0,0.0,0,0.039971999824047,0,1,0,0,GK,Real Betis,0,0.0,0.7205367684364319,0.6805647686123848
2157,Yoel,1,90,0,0.0,0,0.0,0,0,0,0,GK,Eibar,0,0.0,0.0244398992508649,0.0244398992508649
2159,Tito,9,604,0,0.0238818004727363,0,0.0798455998301506,1,1,0,0,D S,Leganes,0,0.0238818004727363,0.4842423014342785,0.404396703466773
2165,Jozabed,24,1484,0,1.8308772938326,4,2.420630726031959,18,21,7,0,M S,Celta Vigo,0,1.8308772938326,9.2747353464365,6.677969144657254
2168,Bebé,9,358,0,0.2432863032445311,1,1.6278096586465836,9,8,0,0,M S,Eibar,0,0.2432863032445311,1.4950333079323173,1.3276479840278623
2175,Iván López,3,174,0,0.0096891997382044,1,0.6154739856719971,1,1,0,0,D,Levante,0,0.0096891997382044,0.9888645242899656,0.3637008983641863
2182,Jefferson Lerma,26,2142,0,1.017358205281198,1,1.5470352033153176,27,18,16,0,M S,Levante,0,1.017358205281198,6.4126161858439445,4.4626945070922375
2187,Toño,12,1080,0,0.0748536996543407,1,1.323741279542446,2,7,2,0,D,Levante,0,0.0748536996543407,2.2152238795533776,1.5423275018110871
2188,Rubén Martínez,28,2478,0,0.0,0,0.0,0,0,3,0,GK S,Deportivo La Coruna,0,0.0,1.1789053017273543,1.1789053017273543
2189,Pedro López,21,1604,0,0.0662538018077611,0,0.3549148719757795,3,7,3,0,D S,Levante,0,0.0662538018077611,2.811582773923874,2.435467367991805
2190,Vicente Guaita,33,2970,0,0.0,0,0.1471520066261291,0,1,1,0,GK,Getafe,0,0.0,0.941369996406138,0.7942179897800088
2191,Vigaray,12,895,0,0.2536579105071723,0,0.0297676008194684,4,2,6,0,D S,Alaves,0,0.2536579105071723,0.8124712128192186,0.5553819127380848
2195,Mehdi Lacen,19,1121,0,0.2759795999154448,0,0.2740413034334779,7,5,3,0,M S,"Getafe,Malaga",0,0.2759795999154448,1.7199223255738616,1.250427212566137
2197,Pedro León,12,928,0,0.8042115028947592,3,2.3757245494052768,24,29,1,0,F M S,Eibar,0,0.8042115028947592,1.7305996119976044,0.2944271992892027
2208,Iván Cuéllar,35,3150,0,0.0,0,0.1024222001433372,0,2,4,0,GK,Leganes,0,0.0,1.2403160720132291,1.13789397245273
2216,Jony,5,212,0,0.2601374983787536,0,0.2613590080291033,5,5,1,0,M S,Malaga,0,0.2601374983787536,0.3885513991117477,0.2595330029726028
2225,Gerónimo Rulli,26,2340,0,0.0,0,0.0291565004736185,0,1,3,0,GK,Real Sociedad,0,0.0,2.128442601300776,2.099285588599741
2230,David Zurutuza,31,2252,0,1.4683232698589563,2,1.2254210459068418,14,11,2,0,M S,Real Sociedad,0,1.4683232698589563,8.009953364729881,5.817403811961412
2237,Héctor,1,15,0,0.0,0,0.0,0,0,0,0,S,Alaves,0,0.0,0.011052899993956,0.011052899993956
2239,Alberto De la Bella,17,1529,0,0.1329247010871768,1,0.8660161029547453,6,15,4,0,D,Real Sociedad,0,0.1329247010871768,5.115418339148164,4.824757872149348
2241,Oier,26,2340,0,0.0,0,0.0,0,0,2,0,GK,Levante,0,0.0,3.1106640975922346,3.1106640975922346
2242,Rubén Pardo,6,221,0,0.0140022998675704,1,0.7058011926710606,1,4,0,1,M S,Real Sociedad,0,0.0140022998675704,1.567646710202098,0.9578432831913232
2243,Keylor Navas,27,2430,0,0.0,0,0.0,0,0,1,0,GK,Real Madrid,0,0.0,6.859305117279291,6.859305117279291
2245,Raphael Varane,27,2323,0,1.322088809683919,1,0.5164445973932743,10,6,3,0,D,Real Madrid,0,1.322088809683919,9.128075528889894,9.092540927231312
2254,Mateo Kovacic,21,982,0,0.3458425998687744,1,0.6701106065884233,9,10,2,0,M S,Real Madrid,0,0.3458425998687744,7.848405405879021,7.336804553866386
2259,Kiko Casilla,10,900,0,0.0,0,0.0,0,0,0,0,GK,Real Madrid,0,0.0,1.37080539483577,1.37080539483577
2260,Daniel Carvajal,25,2224,0,0.9653118401765824,2,4.246429210528731,13,36,11,1,D,Real Madrid,0,0.9653118401765824,18.413975793868303,14.833883080631496
2261,Jan Oblak,37,3330,0,0.0,0,0.0551549009978771,0,2,1,0,GK,Atletico Madrid,0,0.0,2.945942316204309,2.8907873071730137
2262,Juanfran,17,1311,0,0.0681368000805378,1,1.7665660828351974,3,7,3,0,D S,Atletico Madrid,0,0.0681368000805378,3.4758224207907915,1.7735035102814436
2263,Stefan Savic,27,2298,0,0.2059075981378555,0,0.1658479012548923,3,3,6,0,D S,Atletico Madrid,0,0.2059075981378555,3.4732608068734407,3.3302814047783613
2264,Diego Godín,30,2552,0,1.1890337895601988,0,0.3744332930073142,13,6,6,0,D S,Atletico Madrid,0,1.1890337895601988,4.763407708145678,4.597430914640427
2267,Augusto Fernández,5,105,0,0.0203772000968456,0,0.0139044998213648,1,1,1,0,M S,Atletico Madrid,0,0.0203772000968456,0.3674012012779712,0.3331193998456001
2268,Gabi,34,2344,0,0.296230505220592,1,1.139714459888637,10,22,8,0,M S,Atletico Madrid,0,0.296230505220592,8.909160532988608,8.255762564018369
2276,Lucas Hernández,27,2117,0,0.3285051481798291,1,0.2481211982667446,7,6,6,1,D S,Atletico Madrid,0,0.3285051481798291,3.7365760765969753,3.612706921994686
2277,Moyá,9,764,0,0.0,0,0.0,0,0,0,0,GK,Real Sociedad,0,0.0,0.6267502885311842,0.6267502885311842
2279,Sergio Álvarez,17,1475,0,0.0,0,0.0667131021618843,0,1,0,0,GK S,Celta Vigo,0,0.0,2.2223549876362085,2.155641982331872
2281,Hugo Mallo,34,3007,0,1.7387536698952315,5,5.270098146051168,23,29,12,0,D,Celta Vigo,0,1.7387536698952315,14.871013754047452,10.773180267773569
2283,Planas,5,185,0,0.0755231007933616,1,1.108706671744585,1,4,0,0,D S,Girona,0,0.0755231007933616,1.1667253896594048,0.5631204172968864
2289,Nemanja Radoja,26,1094,0,0.7047782056033611,1,0.990004975348711,4,7,3,0,M S,Celta Vigo,0,0.7047782056033611,6.765492917969823,5.07070410810411
2293,Rubén Blanco,22,1942,0,0.0,0,0.0,0,0,3,1,GK,Celta Vigo,0,0.0,2.5707764141261578,2.5707764141261578
2295,Mariano Barbosa,13,1124,0,0.0,0,0.0,0,0,0,0,GK S,Villarreal,0,0.0,2.7009937167167664,2.7009937167167664
2297,Daniele Bonera,15,1189,0,0.0754189966246485,1,0.7858476787805557,2,3,4,1,D S,Villarreal,0,0.0754189966246485,2.536442174576223,2.4884766675531864
2299,Antonio Rukavina,17,1270,0,0.0998152010142803,0,0.6423105988651514,2,8,4,0,D S,Villarreal,0,0.0998152010142803,5.435855723917484,5.066824426874518
2300,Samu García,18,350,0,0.1759034991264343,1,0.2272394020110368,4,4,2,1,M S,"Levante,Malaga",0,0.1759034991264343,0.8873163089156151,0.4841735102236271
2309,Nahuel,7,246,0,0.2751813866198063,0,0.0813769996166229,2,4,2,0,F M S,Real Betis,0,0.2751813866198063,0.6993666924536228,0.3844255115836859
2315,Alejandro Arribas,3,270,0,0.0747277997434139,0,0.0,2,0,0,0,D,Deportivo La Coruna,0,0.0747277997434139,0.501387095078826,0.501387095078826
2316,Juanfran,35,3060,0,1.3120526690036058,1,3.4360951790586114,24,31,3,0,D S,Deportivo La Coruna,0,1.3120526690036058,11.767776871100068,9.21940941363573
2320,Pedro Mosquera,23,1397,0,1.0367117887362838,2,1.3963384982198477,12,9,7,0,M S,Deportivo La Coruna,0,1.0367117887362838,4.394322069361806,3.108794374391437
2326,Rober,25,1906,0,0.3892659926787019,0,0.6657434981316328,8,2,4,0,D M S,Levante,0,0.3892659926787019,4.147101985290647,4.147101985290647
2334,Miguel Torres,8,679,0,0.0573718007653951,0,0.036031499505043,2,2,3,0,D,Malaga,0,0.0573718007653951,1.2930543012917042,1.2570233009755611
2343,Juanpi,16,601,0,0.8080568043515086,2,1.3835242362692952,15,12,1,0,M S,Malaga,0,0.8080568043515086,2.266613833606243,1.0993788074702024
2347,Federico Ricca,14,1109,0,0.2006909009069204,1,0.6079144850373268,5,6,4,0,D S,Malaga,0,0.2006909009069204,1.7339412961155176,1.0987173188477757
2350,Cifuentes,2,106,0,0.0,0,0.089877501130104,0,2,0,0,D S,Malaga,0,0.0,0.7378747761249542,0.7096208035945892
2351,Raúl Lizoain,11,990,0,0.0,0,0.0,0,0,0,0,GK,Las Palmas,0,0.0,1.0332660004496574,1.0332660004496574
2353,Pedro Bigas,12,897,0,0.1183605995029211,0,0.2990422062575817,4,5,3,0,D S,Las Palmas,0,0.1183605995029211,1.491445031017065,1.2765536159276962
2354,Mauricio Lemos,16,1267,0,0.7387478984892368,0,0.1763996034860611,16,4,6,0,D M S,Las Palmas,0,0.7387478984892368,2.7831077249720693,2.7131957542151213
2355,Dani Castellano,24,2027,0,0.0816248003393411,2,0.6387750990688801,4,9,5,0,D S,Las Palmas,0,0.0816248003393411,3.876644933596253,3.393347855657339
2356,Roque Mesa,7,339,0,0.027819300070405,0,0.5832463838160038,1,5,2,0,M S,Sevilla,0,0.027819300070405,1.7566944528371096,1.2668069899082184
2360,Momo,13,675,0,0.7708120681345463,1,1.0864722952246666,6,14,3,0,F M S,Las Palmas,0,0.7708120681345463,2.041386302560568,0.670193511992693
2362,Mubarak Wakaso,21,1096,0,0.725585276260972,1,0.6284063952043653,10,9,7,0,M S,Alaves,0,0.725585276260972,2.4894247613847256,1.3300336003303528
2363,Vicente Gómez,25,1531,0,0.5280277077108622,0,0.3107220036908984,14,5,3,0,M S,Las Palmas,0,0.5280277077108622,2.902015555649996,2.2321387492120266
2364,David Simón,11,717,0,0.2322650030255317,0,0.8737270962446928,3,10,3,0,D S,Las Palmas,0,0.2322650030255317,1.8821553960442543,0.9025823064148426
2365,Sergio Araujo,2,36,0,0.0982595980167388,0,0.0,2,0,0,0,S,Las Palmas,0,0.0982595980167388,0.1902710050344467,0.0920113995671272
2377,Javi Fuego,28,1884,0,0.5636673048138618,0,0.0336996000260114,7,2,8,0,M S,"Espanyol,Villarreal",0,0.5636673048138618,4.201777968555689,4.170193269848824
2379,João Cancelo,1,90,0,0.3902559876441955,0,0.4370949864387512,4,5,0,0,M,Valencia,0,0.3902559876441955,0.7663959860801697,0.0628276020288467
2383,André Gomes,16,630,0,0.7510714158415794,0,0.1630882062017917,7,3,1,0,M S,Barcelona,0,0.7510714158415794,4.575328052043915,3.7309072837233535
2386,Rúben Vezo,19,1552,0,0.1278009992092847,0,0.2672729957848787,3,3,1,1,D S,Valencia,0,0.1278009992092847,2.2966068126261234,2.033612620085478
2392,Gorka Iraizoz,9,763,0,0.0,0,0.0,0,0,1,0,GK S,Girona,0,0.0,0.0837178006768226,0.0837178006768226
2393,Eneko Bóveda,14,1194,0,0.0,1,0.1489332010969519,0,4,3,0,D S,"Athletic Club,Deportivo La Coruna",0,0.0,0.6359735988080502,0.5345973931252956
2396,Balenziaga,18,1560,0,0.1579227000474929,2,1.0716200098395348,3,8,1,0,D,Athletic Club,0,0.1579227000474929,3.529214285314083,2.716826770454645
2397,Beñat,24,1117,0,0.4533443041145801,2,2.054355112835765,13,25,3,0,M S,Athletic Club,0,0.4533443041145801,3.701713109388948,3.453457299619913
2398,Iturraspe,30,1894,0,0.2060682969167828,0,2.71228463947773,6,22,7,0,M S,Athletic Club,0,0.2060682969167828,5.876910395920277,5.447224510833621
2403,Íñigo Lekue,32,2100,0,0.4377718986943364,1,1.328923711553216,18,19,3,0,D M S,Athletic Club,0,0.4377718986943364,6.496564235538244,5.161228561773896
2406,Mikel Rico,17,1169,0,0.5938667915761471,0,1.203231992200017,13,11,2,0,M S,Athletic Club,0,0.5938667915761471,3.93479991517961,2.942063469439745
2407,Iago Herrerín,8,720,0,0.0,0,0.0,0,0,0,0,GK,Athletic Club,0,0.0,0.638274384662509,0.638274384662509
2415,David Soria,15,1264,0,0.0,0,0.0,0,0,1,0,GK,Sevilla,0,0.0,1.6368369981646538,1.6368369981646538
2418,Álvaro Odriozola,35,2916,0,0.5296818055212498,4,3.8506567077711225,8,44,2,1,D M S,Real Sociedad,0,0.5296818055212498,10.937401246279478,7.976401440799236
2429,Hernán,7,350,0,0.9991779997944832,0,0.0,5,0,1,0,M S,Las Palmas,0,0.9991779997944832,1.8285235101357105,0.946212493814528
2430,Álvaro González,33,2903,0,1.5495501216500998,2,0.6276749037206173,15,8,13,1,D S,Villarreal,0,1.5495501216500998,9.5099028442055,8.69024513848126
2435,Óscar Duarte,11,990,0,0.1944602988660335,0,0.0,3,0,1,0,D,Espanyol,0,0.1944602988660335,1.6596182882785795,1.6596182882785795
2436,Antonio Luna,23,2023,0,0.217172497883439,2,1.7857013698667288,5,13,5,0,D S,Levante,0,0.217172497883439,5.807160623371601,4.292367873713374
2444,Bruno,20,1536,0,0.2202828042209148,0,1.1785844154655931,4,4,5,0,D S,Getafe,0,0.2202828042209148,0.8105880171060562,0.7114783152937889
2449,Pedro López,5,412,0,0.0,0,0.0,0,0,0,0,GK S,Real Betis,0,0.0,0.608322199434042,0.608322199434042
2460,Sergio Asenjo,23,2070,0,0.0,0,0.0,0,0,3,0,GK,Villarreal,0,0.0,2.9760121032595634,2.9760121032595634
2461,Aythami,3,181,0,0.0,0,0.0,0,0,0,0,D S,Las Palmas,0,0.0,0.359721296466887,0.359721296466887
2467,Fernando Navarro,15,1035,0,0.0,0,0.3092869985848665,0,4,4,0,D S,Deportivo La Coruna,0,0.0,2.306682109832764,2.2356202229857445
2475,Jaume,5,450,0,0.0,0,0.0,0,0,2,0,GK,Valencia,0,0.0,1.2661329805850985,1.2661329805850985
2479,Toni Lato,16,800,0,0.0315447002649307,1,1.2601954825222492,1,6,4,0,D M S,Valencia,0,0.0315447002649307,2.2996204011142254,1.0904841125011444
2483,Adrián Marín,3,235,0,0.0,0,0.0419054999947547,0,1,1,0,D S,Villarreal,0,0.0,0.466699805110693,0.424794789403677
2492,Sergi Samper,2,150,0,0.0,0,0.0,0,0,0,0,M,Las Palmas,0,0.0,0.1841293983161449,0.1841293983161449
2498,Aymeric Laporte,19,1710,0,0.606370497494936,1,1.037731096148491,8,8,5,0,D,Athletic Club,0,0.606370497494936,2.8312697876244783,2.296297390013933
2499,Sabin,13,375,0,1.7123396657407284,0,0.2111520022153854,8,2,1,0,F M S,Athletic Club,0,1.7123396657407284,2.250462494790554,0.3666513934731483
2505,José Gayá,34,2919,0,0.4004736971110105,3,4.225520359352231,14,36,11,0,D M S,Valencia,0,0.4004736971110105,9.294948132708669,6.237670047208667
2512,Carlos Martínez,1,2,0,0.0,0,0.0,0,0,0,0,S,Real Sociedad,0,0.0,0.0,0.0
2518,Marcos Llorente,13,537,0,0.2117936005815863,0,0.1895704008638858,6,3,1,0,M S,Real Madrid,0,0.2117936005815863,3.3710015788674355,2.969637811183929
2525,Juankar,10,783,0,0.0333133991807699,0,0.8715992067009211,2,11,2,0,D S,Malaga,0,0.0333133991807699,1.1928646005690098,0.6892258934676647
2534,Andrés Prieto,4,360,0,0.0,0,0.0,0,0,0,0,GK,Malaga,0,0.0,0.379173994064331,0.379173994064331
2535,Imanol Agirretxe,11,212,0,1.2376560792326927,0,0.0,6,0,0,0,F S,Real Sociedad,0,1.2376560792326927,1.291231982409954,0.0761165991425514
2537,Sandro Ramírez,13,715,0,1.9651917964220047,1,1.690968107432127,24,9,0,0,F M S,Sevilla,0,1.9651917964220047,4.321904249489307,1.3894416252151132
2538,Zakaria Bakkali,23,897,0,0.8636735007166862,0,0.2452691011130809,25,8,5,0,F M S,Deportivo La Coruna,0,0.8636735007166862,2.228047139942646,1.3521968917921183
2539,Jaume Costa,30,2549,0,0.4077180884778499,0,1.3904997995123267,12,30,13,1,D S,Villarreal,0,0.4077180884778499,8.473447181284428,7.287762283347547
2547,Theo Hernández,13,960,0,0.357490986585617,0,1.1031733006238935,2,8,1,0,D S,Real Madrid,0,0.357490986585617,5.347759999334812,4.119337059557438
2570,Nacho Gil,20,956,0,0.4979961067438125,1,1.751988848671317,10,12,1,0,F M S,"Las Palmas,Valencia",0,0.4979961067438125,1.7542029153555632,1.1668722126632929
2578,Javi Ontiveros,12,374,0,0.238960837945342,0,0.5432484894990921,8,6,4,0,M S,Malaga,0,0.238960837945342,1.417698614299297,0.8079182058572769
2600,Fontàs,12,882,0,0.0383322015404701,1,0.2194118984043598,1,4,2,0,D S,Celta Vigo,0,0.0383322015404701,3.057549100369215,2.926621802151203
2613,Aketxe,3,34,0,0.0660632979124784,0,0.0,2,0,1,0,S,Athletic Club,0,0.0660632979124784,0.2653521988540888,0.1992889940738678
2622,Javi Castellano,23,1567,0,0.0607387898489832,0,0.1203823033720254,4,3,4,0,M S,Las Palmas,0,0.0607387898489832,3.4473057854920626,3.375594086945057
3056,Ezequiel Garay,24,2030,0,0.3252118928357959,0,0.3891342021524906,6,3,5,0,D S,Valencia,0,0.3252118928357959,2.8813764713704586,2.86720847710967
3354,Sébastien Corchia,12,826,0,0.3245196938514709,1,0.5345571972429752,5,5,4,0,D S,Sevilla,0,0.3245196938514709,1.887541776522994,1.2125828098505735
3510,Oussama Tannane,10,576,0,0.5298789013177156,0,0.8606600165367126,13,8,1,0,F M S,Las Palmas,0,0.5298789013177156,1.7744198981672523,1.458512907847762
3766,Kevin Soni,2,17,0,0.0,0,0.0,0,0,0,0,S,Girona,0,0.0,0.0,0.0
3820,Maxime Lestienne,12,676,0,1.442240308970213,1,1.1588647961616516,11,9,1,0,D M S,Malaga,0,1.442240308970213,2.144415482878685,0.6302722096443176
3943,Sulley Muntari,8,415,0,0.1485623978078365,0,0.3883109986782074,4,1,3,0,M S,Deportivo La Coruna,0,0.1485623978078365,0.8456507921218872,0.4297212958335876
4042,Míchel Macedo,28,2141,0,0.2117482842877507,1,1.069277605973184,6,23,4,1,D S,Las Palmas,0,0.2117482842877507,3.823139935731888,3.17333921417594
4052,Ximo Navarro,31,2607,0,0.1332763992249965,1,0.4501076713204384,3,5,12,0,D S,Las Palmas,0,0.1332763992249965,3.49690882768482,3.019047628156841
4077,Sergio Sánchez,2,101,0,0.0591031014919281,0,0.0,1,0,1,0,D S,Espanyol,0,0.0591031014919281,0.4201516844332218,0.4201516844332218
4084,Naldo,11,921,0,0.0766481980681419,0,0.0,1,0,2,0,D S,Espanyol,0,0.0766481980681419,2.012727687135339,2.012727687135339
4119,Alberto Bueno,11,210,0,0.8673126846551895,0,0.4994613118469715,5,4,0,0,F S,Malaga,0,0.8673126846551895,0.6080526141449809,0.0
4130,Raúl Navas,20,1792,0,1.0453334702178836,1,0.4253268977627158,13,5,4,0,D,Real Sociedad,0,1.0453334702178836,3.711937522515655,3.398243920877576
4131,Dídac Vilá,14,722,0,0.6428033979609609,0,0.7422276977449656,11,8,3,0,D S,Espanyol,0,0.6428033979609609,2.7382764741778374,1.7432600129395723
4183,Vitorino Antunes,34,2796,0,1.6311228591948748,2,3.642511274665594,30,28,14,0,D S,Getafe,0,0.8878448326140642,5.346748787909746,3.644702601246536
4185,Erik Morán,6,224,0,0.0,0,0.0,0,0,2,0,M S,Leganes,0,0.0,0.2129693999886512,0.2129693999886512
4401,Emiliano Martinez,5,450,0,0.0,0,0.0,0,0,0,0,GK,Getafe,0,0.0,0.3518088907003402,0.3518088907003402
5032,Andrew Hjulsager,2,9,0,0.0212398990988731,0,0.0,1,0,0,0,S,Celta Vigo,0,0.0212398990988731,0.0212398990988731,0.0
5034,Rafa Navarro,3,134,0,0.0515558011829853,0,0.3608289957046509,1,2,0,0,D S,Real Betis,0,0.0515558011829853,0.5600072965025902,0.2958806976675987
5035,Alin Tosca,6,424,0,0.0739827025681734,0,0.0289040002971887,2,1,0,0,D S,Real Betis,0,0.0739827025681734,0.7901011779904366,0.6872141882777214
5038,Álex Alegría,9,634,0,1.024870978668332,0,0.1687966007739305,14,3,1,0,F S,Levante,0,1.024870978668332,1.554454417899251,0.5806330908089876
5041,Benito Ramírez,4,163,0,0.0227774009108543,0,0.1233482025563716,1,3,0,0,M S,Las Palmas,0,0.0227774009108543,0.1811507046222686,0.0525553002953529
5042,Fernando Pacheco,38,3357,0,0.0,0,0.0,0,0,2,0,GK S,Alaves,0,0.0,1.0306359138339758,1.0306359138339758
5046,Óscar Romero,5,244,0,0.1762659940868616,0,0.130300898104906,8,5,0,0,M S,Alaves,0,0.1762659940868616,0.1382551006972789,0.0616247989237308
5048,Daniel Torres,18,1218,0,0.1827911026775837,0,0.3084557019174099,4,7,3,0,M S,Alaves,0,0.1827911026775837,2.9203727953135967,2.6580556593835354
5051,Gabriel Mercado,26,2125,0,1.172287905588746,1,1.6892551095224917,18,9,9,0,D S,Sevilla,0,1.172287905588746,6.595918022096157,4.866682641208172
5052,Walter Montoya,1,77,0,0.0439582988619804,0,0.3261860013008117,1,1,0,0,F,Sevilla,0,0.0439582988619804,0.3846909999847412,0.0145463999360799
5057,Jasper Cillessen,1,90,0,0.0,0,0.0,0,0,0,0,GK,Barcelona,0,0.0,0.0923177972435951,0.0923177972435951
5060,Aleksandar Katai,3,50,0,0.0498860012739896,0,0.0,2,0,0,0,S,Alaves,0,0.0498860012739896,0.2969742994755506,0.2866609990596771
5061,Kepa,30,2700,0,0.0,0,0.2576889991760254,0,1,4,0,GK,Athletic Club,0,0.0,2.2650668285787106,2.007377829402685
5062,Yeray Álvarez,8,673,0,0.036906398832798,0,0.0684271994978189,1,2,2,0,D S,Athletic Club,0,0.036906398832798,1.3099958151578903,1.241568611934781
5063,Saborit,19,1427,0,0.1960213389247656,1,0.5432127825915813,6,6,5,0,D S,Athletic Club,0,0.1960213389247656,1.89436487108469,1.6143465135246515
5070,Nereo Champagne,2,180,0,0.0,0,0.0,0,0,0,0,GK,Leganes,0,0.0,0.0546000991016626,0.0546000991016626
5071,Nicolás Gaitán,6,214,0,0.584900014102459,0,0.4399859979748726,7,5,0,0,M S,Atletico Madrid,0,0.584900014102459,1.5591470003128052,0.7532239854335785
5076,Cristian Rivera,7,237,0,0.0109361000359058,0,0.0454436987638473,1,2,0,0,M S,Eibar,0,0.0109361000359058,0.2283171955496072,0.1719373948872089
5081,Edu Expósito,3,88,0,0.0,0,0.0,0,0,1,0,S,Deportivo La Coruna,0,0.0,0.4452777132391929,0.4452777132391929
5083,Marlos Moreno,2,27,0,0.0,0,0.0554380007088184,0,1,0,0,S,Girona,0,0.0,0.0554380007088184,0.0
5084,Bruno Gama,6,112,0,0.0277929995208978,0,0.0999467000365257,1,2,1,0,M S,Deportivo La Coruna,0,0.0277929995208978,0.2303095012903213,0.180257499217987
5086,Marc Roca,8,257,0,0.15390429738909,0,0.0349433999508619,4,2,0,0,M S,Espanyol,0,0.15390429738909,1.4594404343515637,1.3294078819453716
5087,Roberto Jiménez,34,3060,0,0.06874830275774,0,0.0384962996467947,1,2,0,0,GK,Malaga,0,0.06874830275774,0.1463724989444017,0.1341278990730643
5112,Toño Ramírez,4,316,0,0.0,0,0.0,0,0,0,0,GK S,Real Sociedad,0,0.0,1.2970696184784174,1.2970696184784174
5114,Raúl García,19,1388,0,0.1991026010364294,2,2.049015889875591,7,25,1,0,D M S,Leganes,0,0.1991026010364294,2.4386310894042253,2.0973047856241465
5120,Nano,9,274,0,0.7836671099066734,0,0.0125144999474287,6,1,1,0,F S,Levante,0,0.7836671099066734,0.8489948138594627,0.093348303809762
5126,José Ángel,30,2438,0,0.4209415027871728,8,4.384688807651401,15,45,4,0,D S,Eibar,0,0.4209415027871728,6.48818823415786,4.2918502958491445
5133,Aarón Martín,32,2815,0,0.1130498005077242,0,2.4611941669136286,5,31,6,0,D S,Espanyol,0,0.1130498005077242,5.745155228301883,3.844430031254888
5148,Imanol Sarriegui,3,33,0,0.0,0,0.0,0,0,1,0,S,Eibar,0,0.0,0.0266925003379583,0.0266925003379583
5164,Leo Suárez,1,27,0,0.0137590998783707,0,0.0,1,0,0,0,S,Villarreal,0,0.0137590998783707,0.0137590998783707,0.0
5167,Mario González,2,15,0,0.0635922029614448,0,0.0651281997561454,1,1,0,0,S,Villarreal,0,0.0635922029614448,0.1287204027175903,0.0
5178,Antonio Moya,1,2,0,0.0,0,0.0,0,0,0,0,S,Atletico Madrid,0,0.0,0.0,0.0
5179,Jon Guridi,4,47,0,0.0,0,0.0,0,0,0,0,S,Real Sociedad,0,0.0,0.0892504025250673,0.0892504025250673
5181,Omar Ramos,23,1460,0,0.3713925331830978,1,1.677310903556645,9,22,3,0,M S,Leganes,0,0.3713925331830978,4.533284308388829,3.362630408257246
5184,Mozo,1,44,0,0.0,0,0.0,0,0,0,0,S,Leganes,0,0.0,0.0350061990320682,0.0350061990320682
5194,Sergio Arribas,1,22,0,0.0,0,0.0,0,0,0,0,S,Leganes,0,0.0,0.0,0.0
5198,Martín Aguirregabiria,21,1828,0,0.0292914896272122,4,1.523457007482648,3,13,4,0,D S,Alaves,0,0.0292914896272122,3.77045014873147,3.2853938713669777
5201,Darío Poveda,1,1,0,0.0,0,0.0,0,0,0,0,S,Villarreal,0,0.0,0.0,0.0
5203,Jon Serantes,1,90,0,0.0,0,0.0,0,0,0,0,GK,Leganes,0,0.0,0.0,0.0
5206,Alejandro Mula,11,563,0,1.60840068385005,0,0.5291341915726662,17,2,1,0,F M S,Malaga,0,1.60840068385005,2.724203798919916,0.8247133139520884
5234,Jesús Vallejo,7,630,0,0.0,0,0.0,0,0,0,0,D,Real Madrid,0,0.0,1.7618546187877655,1.7618546187877655
5642,Erick Cabaco,14,1041,0,0.1678312979638576,0,0.0450057983398437,2,1,5,0,D S,Levante,0,0.1678312979638576,2.1657240949571133,2.120718296617269
6073,Guillermo Maripán,19,1528,0,0.7549402117729187,0,0.0124834002926945,4,1,4,0,D S,Alaves,0,0.7549402117729187,2.528811444528401,2.5163280442357063
6074,Enzo Zidane,2,69,0,0.0,0,0.0232312995940446,0,1,0,0,M S,Alaves,0,0.0,0.0616247989237308,0.0616247989237308
6075,Antonio Sivera,1,63,0,0.0,0,0.0,0,0,0,0,GK,Alaves,0,0.0,0.0,0.0
6076,Nemanja Maksimovic,15,551,0,0.3358847964555025,0,0.4679948035627603,7,10,1,0,M S,Valencia,0,0.3358847964555025,3.308626538142562,2.825115395709872
6078,Leandro Chichizola,27,2430,0,0.0,0,0.0368849001824855,0,1,2,0,GK,Las Palmas,0,0.0,2.139770109206438,2.139770109206438
6079,Fabio González,1,65,0,0.0,0,0.0414051003754138,0,1,1,0,M,Las Palmas,0,0.0,0.0261195991188287,0.0261195991188287
6117,Pere Pons,31,2565,0,1.149289391003549,2,1.0306776026263833,14,11,8,0,M S,Girona,0,1.149289391003549,5.858812382444739,4.667491154745221
6119,Olarenwaju Kayode,12,372,0,1.0891832187771795,1,0.9226378090679646,7,5,2,0,F S,Girona,0,1.0891832187771795,2.0118210166692734,0.0
6120,Bono,30,2657,0,0.0,0,0.0,0,0,2,0,GK,Girona,0,0.0,1.3425558749586344,1.3425558749586344
6122,Douglas Luiz,15,292,0,0.7494822144508362,0,0.2692812941968441,10,3,4,0,M S,Girona,0,0.7494822144508362,1.397970786318183,0.625331511721015
6125,Stanislav Lobotka,38,3062,0,0.2054772013798356,0,0.6420859042555094,8,10,2,0,M S,Celta Vigo,0,0.2054772013798356,12.33898847643286,11.77366051170975
6154,Sergio Mora,26,788,0,0.1595560992136597,0,0.1693629967048764,6,6,5,0,M S,Getafe,0,0.1595560992136597,1.819134805351496,1.6487138140946629
6163,Nélson Semedo,24,1494,0,0.2851273063570261,0,1.2114502247422934,3,11,1,0,D S,Barcelona,0,0.2851273063570261,10.668962698429825,10.31897557899356
6165,Juanjo Narváez,7,303,0,0.0522000007331371,0,0.1094752978533506,3,2,0,0,M S,Real Betis,0,0.0522000007331371,0.3886564038693905,0.2580225970596075
6168,Leandro Cabrera,9,722,0,0.6887379884719849,0,0.1216072961688041,2,2,3,0,D S,Getafe,0,0.6887379884719849,1.1330770887434485,1.011469278484583
6214,Raúl Fernández,11,990,0,0.0,0,0.0,0,0,0,0,GK,Levante,0,0.0,0.2658545058220625,0.2658545058220625
6220,Rúben Semedo,4,229,0,0.0135813001543283,0,0.0266999993473291,1,1,0,0,D M S,Villarreal,0,0.0135813001543283,0.4800706002861261,0.453370600938797
6221,Pau Torres,2,49,0,0.0,0,0.0,0,0,0,0,S,Villarreal,0,0.0,0.0525717996060848,0.0525717996060848
6222,Chuca,4,84,0,0.0802199989557266,0,0.0153758004307746,3,1,1,0,M S,Villarreal,0,0.0802199989557266,0.1385640054941177,0.0773983970284462
6224,Marko Dmitrovic,36,3240,0,0.0,0,0.0189346000552177,0,1,1,0,GK,Eibar,0,0.0,1.92186158336699,1.9029269833117723
6225,Paulo Oliveira,26,2216,0,1.2356843873858452,0,0.2011483013629913,14,6,3,0,D S,Eibar,0,1.2356843873858452,2.661831522360444,2.60058300383389
6241,Federico Valverde,24,1228,0,0.7232035067863762,0,1.1039845207706094,18,10,0,0,M S,Deportivo La Coruna,0,0.7232035067863762,5.276007109321654,3.8661523330956697
6242,Johan Mojica,30,2131,0,0.7097378969192505,4,2.674215519800782,22,24,6,0,D M S,Girona,0,0.7097378969192505,3.2627359409816563,1.335556992329657
6243,Jonás Ramalho,26,2298,0,1.8285176530480385,0,0.7358028274029493,7,5,3,0,D S,Girona,0,1.8285176530480385,2.1667304765433077,2.143875872716308
6244,Emanuel Cecchini,2,28,0,0.0084844203665852,0,0.0,1,0,1,0,S,Malaga,0,0.0084844203665852,0.1816979944705963,0.1816979944705963
6248,Borja Herrera,3,242,0,0.0184519998729228,0,0.0215456001460552,1,1,0,0,D,Las Palmas,0,0.0184519998729228,0.2613100036978721,0.221312403678894
6269,Luca Zidane,1,90,0,0.0,0,0.0,0,0,0,0,GK,Real Madrid,0,0.0,0.0969469025731086,0.0969469025731086
6297,Esteban Rolón,8,428,0,0.0538272000849247,0,0.0129407998174428,3,1,1,0,M S,Malaga,0,0.0538272000849247,0.8129367288202047,0.7593267168849707
6318,Lionel Carole,6,540,0,0.3565209591761231,1,0.085869001224637,3,3,0,0,D,Sevilla,0,0.3565209591761231,1.2935450747609138,1.2250582724809649
6325,Andoni Gorosabel,2,77,0,0.0,0,0.0,0,0,0,0,D S,Real Sociedad,0,0.0,0.0973747000098228,0.0973747000098228
6341,Julio Gracia,2,19,0,0.0313670001924037,0,0.0,1,0,0,0,S,Real Betis,0,0.0313670001924037,0.0420236997306346,0.0106565998867154
6342,Gerard Valentín,3,156,0,0.0732835009694099,0,0.0,2,0,0,0,D M S,Deportivo La Coruna,0,0.0732835009694099,0.4542460143566131,0.3978660106658935
6343,Barri,2,110,0,0.0441838018596172,0,0.0,1,0,0,0,M S,Getafe,0,0.0441838018596172,0.0441838018596172,0.0
6347,Shaquell Moore,6,425,0,0.3818965032696724,0,0.0706524001434445,3,3,0,0,D S,Levante,0,0.3818965032696724,0.948281300254166,0.5107177896425128
6354,Ramiro Guerra,4,67,0,0.0,0,0.096593901515007,0,1,1,0,S,Villarreal,0,0.0,0.096593901515007,0.096593901515007
6363,Francis Uzoho,2,180,0,0.0,0,0.0,0,0,0,0,GK,Deportivo La Coruna,0,0.0,0.0,0.0
6367,Carlos Calderón,1,2,0,0.0,0,0.0,0,0,0,0,S,Getafe,0,0.0,0.0,0.0
6371,Alejandro Robles,1,90,0,0.0,0,0.0,0,0,0,0,D,Malaga,0,0.0,0.0,0.0
6376,Adrián Diéguez,6,439,0,0.0866028498858213,0,0.0,3,0,5,0,D,Alaves,0,0.0866028498858213,0.340377502143383,0.2725781016051769
6404,Hacen,2,80,0,0.0,0,0.0,0,0,0,0,M S,Levante,0,0.0,0.0149857001379132,0.0149857001379132
6426,Daniel Pacheco,11,160,0,0.0654662027955055,0,1.0079926177859306,1,6,0,0,S,Getafe,0,0.0654662027955055,0.9194438084959984,0.421645812690258
6427,Aitor Ruibal,2,4,0,0.0,0,0.0,0,0,0,0,S,Real Betis,0,0.0,0.0,0.0
6441,Ferrán Torres,13,299,0,0.4394469894468784,1,0.6938419193029404,3,4,0,0,M S,Valencia,0,0.4394469894468784,1.412867292761803,0.2795780040323734
6442,Ignasi Miquel,20,1775,0,0.4432695601135492,0,0.1616111993789672,10,2,5,1,D,Malaga,0,0.4432695601135492,0.722151911817491,0.5374164050444961
6455,Eloi Amagat,2,12,0,0.1479837987571954,0,0.0,2,0,0,0,S,Girona,0,0.1479837987571954,0.1290429979562759,0.0
6469,Gabriel Peñalba,7,571,0,0.0775909991934895,0,0.0191520992666482,5,1,3,0,M,Las Palmas,0,0.0775909991934895,1.191319489851594,1.0945766232907772
6470,José Arnáiz,1,3,0,0.0,0,0.0,0,0,0,0,S,Barcelona,0,0.0,0.6169139742851257,0.6169139742851257
6471,Aldo One,1,90,0,0.0,0,0.0,0,0,0,0,D,Deportivo La Coruna,0,0.0,0.0760750025510788,0.0760750025510788
6473,Merveille Ndockyt,6,58,0,0.0,0,0.0,0,0,1,0,S,Getafe,0,0.0,0.0,0.0
6481,Robert Mazán,2,80,0,0.1445995047688484,0,0.0283515993505716,2,1,0,0,D S,Celta Vigo,0,0.1445995047688484,0.2521150037646293,0.2076063007116317
6495,Koke,1,90,0,0.0,0,0.0,0,0,0,0,GK,Levante,0,0.0,0.0,0.0
6509,Maksym Koval,2,121,0,0.0,0,0.0,0,0,0,1,GK,Deportivo La Coruna,0,0.0,0.1187539994716644,0.1187539994716644
6515,Jaime Sierra,2,25,0,0.0,0,0.0,0,0,0,0,S,Leganes,0,0.0,0.0703354030847549,0.0703354030847549
6521,Yerry Mina,5,370,0,0.2504299879074096,1,0.2428691014647483,3,3,2,0,D S,Barcelona,0,0.2504299879074096,2.1754469871521,1.932577982544899
6534,Andoni López,1,90,0,0.0226105004549026,0,0.0,1,0,0,0,D,Athletic Club,0,0.0226105004549026,0.0180827006697654,0.0180827006697654
6537,Matías Aguirregaray,15,1158,0,0.7407359071075916,0,0.6168589107692242,9,5,3,0,D S,Las Palmas,0,0.7407359071075916,1.629428120329976,1.0214538015425203
6538,Oghenekaro Etebo,14,1216,0,0.5197472982108593,1,0.2389666978269815,20,7,3,0,M,Las Palmas,0,0.5197472982108593,1.3684163615107536,0.9702565018087626
6550,Imoh Ezekiel,10,465,0,1.2730389013886452,0,0.0455745700746774,7,3,0,0,M S,Las Palmas,0,1.2730389013886452,1.0241206008940935,0.1220995020121336
6569,Armando Sadiku,6,276,0,0.1263785008341074,0,0.0338067002594471,5,1,1,0,F S,Levante,0,0.1263785008341074,0.6785231921821833,0.5291487015783787
6572,Guilherme Arana,3,192,0,0.0,0,0.0,0,0,0,0,D S,Sevilla,0,0.0,0.0635352982208132,0.0635352982208132
6573,Axel Werner,1,90,0,0.0,0,0.0,0,0,0,0,GK,Atletico Madrid,0,0.0,0.0528095997869968,0.0528095997869968
6619,Víctor López,1,61,0,0.0685020014643669,1,0.161309003829956,1,2,0,0,M,Alaves,0,0.0685020014643669,0.2298109978437423,0.0
6637,Hugo Duro,2,18,0,0.3089590072631836,0,0.0,1,0,0,0,S,Getafe,0,0.3089590072631836,0.3089590072631836,0.0
6659,Carlos Isaac,1,64,0,0.0245788004249334,0,0.0,1,0,1,0,D,Atletico Madrid,0,0.0245788004249334,0.097807303071022,0.0732283964753151
6673,Francesc Regis,1,1,0,0.0,0,0.0,0,0,0,0,S,Eibar,0,0.0,0.0,0.0
6675,Fahad Al Muwallad,2,23,0,0.0,0,0.0,0,0,0,0,S,Levante,0,0.0,0.0,0.0
6688,Aly Abeid,1,78,0,0.0,0,0.1146389991044998,0,1,0,0,D,Levante,0,0.0,0.3702990114688873,0.2556599974632263
6689,Iván Rodríguez,1,19,0,0.0,0,0.0,0,0,1,0,S,Malaga,0,0.0,0.3773199915885925,0.3773199915885925
6716,Daniel Molina,1,3,0,0.0,0,0.0,0,0,0,0,S,Celta Vigo,0,0.0,0.0,0.0
6720,Arona Sané,1,65,0,0.0187520999461412,0,0.0,1,0,0,0,S,Atletico Madrid,0,0.0187520999461412,0.0187520999461412,0.0
6738,Alberto Redondo,1,90,0,0.0,0,0.0,0,0,0,0,D,Getafe,0,0.0,0.0,0.0
6739,David Alba,1,62,0,0.0,0,0.0,0,0,0,0,D,Getafe,0,0.0,0.0,0.0
6740,Miguel Ángel Rubio,1,28,0,0.0,0,0.0,0,0,0,0,S,Getafe,0,0.0,0.4147979915142059,0.4147979915142059
6749,Mujaid Sadick,2,105,0,0.0,0,0.0,0,0,0,0,D S,Deportivo La Coruna,0,0.0,1.0239970088005066,1.0239970088005066
6757,Alberto López,1,43,0,0.0,0,0.0,0,0,0,0,S,Malaga,0,0.0,0.0154176000505685,0.0154176000505685
6759,Juan Cruz,1,6,0,0.0,0,0.0,0,0,0,0,S,Malaga,0,0.0,0.0,0.0
6760,José Lara,1,9,0,0.0,0,0.0,0,0,0,0,S,Sevilla,0,0.0,0.0,0.0
6763,Salem Al Dawsari,1,33,0,0.0,0,0.0,0,0,1,0,S,Villarreal,0,0.0,0.416130006313324,0.416130006313324
