id,minute,result,X,Y,xG,player,h_a,player_id,situation,season,shotType,match_id,h_team,a_team,h_goals,a_goals,date,player_assisted,lastAction
169246,21,Goal,1.112049964904785,0.3293,0.6022040247917175,Maxi Gómez,h,6124,OpenPlay,2017,RightFoot,7881,Celta Vigo,Real Sociedad,2,3,2017-08-19 17:15:00,Daniel Wass,None
169255,44,BlockedShot,1.0223500175476072,0.386280005645752,0.0869866013526916,Maxi Gómez,h,6124,OpenPlay,2017,LeftFoot,7881,Celta Vigo,Real Sociedad,2,3,2017-08-19 17:15:00,Pione Sisto,Cross
169258,49,Goal,1.0614500350952147,0.41958000564575193,0.1740970015525818,Maxi Gómez,h,6124,FromCorner,2017,RightFoot,7881,Celta Vigo,Real Sociedad,2,3,2017-08-19 17:15:00,Cabral,Aerial
169400,9,MissedShots,1.0051000175476072,0.4299399887084961,0.0237035993486642,Maxi Gómez,a,6124,FromCorner,2017,Head,7890,Real Betis,Celta Vigo,2,1,2017-08-25 21:00:00,Daniel Wass,Cross
169418,91,MissedShots,1.127,0.22421999435424805,0.0482660010457038,Maxi Gómez,a,6124,OpenPlay,2017,RightFoot,7890,Real Betis,Celta Vigo,2,1,2017-08-25 21:00:00,Iago Aspas,Pass
169636,0,BlockedShot,1.0465,0.24716001129150392,0.1134039983153343,Maxi Gómez,h,6124,OpenPlay,2017,RightFoot,7902,Celta Vigo,Alaves,1,0,2017-09-10 17:30:00,Iago Aspas,Throughball
169638,7,BlockedShot,1.0039500350952149,0.37443998870849604,0.0248959995806217,Maxi Gómez,h,6124,OpenPlay,2017,Head,7902,Celta Vigo,Alaves,1,0,2017-09-10 17:30:00,Hugo Mallo,Foul
169641,15,BlockedShot,1.0533999824523923,0.35371999435424806,0.0803780034184455,Maxi Gómez,h,6124,SetPiece,2017,RightFoot,7902,Celta Vigo,Alaves,1,0,2017-09-10 17:30:00,Fontàs,None
169649,33,Goal,1.1143500175476075,0.35371999435424806,0.6533989906311035,Maxi Gómez,h,6124,OpenPlay,2017,Head,7902,Celta Vigo,Alaves,1,0,2017-09-10 17:30:00,Pione Sisto,Cross
169657,69,BlockedShot,0.9809500350952147,0.235319994354248,0.0569867007434368,Maxi Gómez,h,6124,OpenPlay,2017,RightFoot,7902,Celta Vigo,Alaves,1,0,2017-09-10 17:30:00,Daniel Wass,Pass
169659,77,SavedShot,1.01775,0.26861999435424805,0.0667048022150993,Maxi Gómez,h,6124,OpenPlay,2017,RightFoot,7902,Celta Vigo,Alaves,1,0,2017-09-10 17:30:00,Daniel Wass,HeadPass
169925,84,BlockedShot,0.9372499999999999,0.3522399887084961,0.035284798592329,Maxi Gómez,a,6124,OpenPlay,2017,RightFoot,7913,Espanyol,Celta Vigo,2,1,2017-09-18 20:00:00,Pablo Hernández,HeadPass
170156,24,Goal,1.0269500350952148,0.33078000564575194,0.3640049993991852,Maxi Gómez,h,6124,OpenPlay,2017,RightFoot,7923,Celta Vigo,Getafe,1,1,2017-09-21 20:00:00,Hugo Mallo,HeadPass
170450,61,BlockedShot,1.0717999649047854,0.3692600112915039,0.1499799937009811,Maxi Gómez,a,6124,OpenPlay,2017,RightFoot,7934,Eibar,Celta Vigo,0,4,2017-09-24 17:30:00,Daniel Wass,Rebound
170986,5,MissedShots,1.0890499649047851,0.40330000000000005,0.1525010019540786,Maxi Gómez,h,6124,OpenPlay,2017,OtherBodyPart,7944,Celta Vigo,Girona,3,3,2017-09-29 20:00:00,Iago Aspas,Cross
170992,15,Goal,0.9648500175476074,0.35519999999999996,0.0651374980807304,Maxi Gómez,h,6124,OpenPlay,2017,RightFoot,7944,Celta Vigo,Girona,3,3,2017-09-29 20:00:00,Jozabed,Chipped
170998,40,MissedShots,0.8326000175476074,0.34040000000000004,0.022156499326229,Maxi Gómez,h,6124,OpenPlay,2017,RightFoot,7944,Celta Vigo,Girona,3,3,2017-09-29 20:00:00,Sergi Gómez,Pass
171003,69,SavedShot,1.117799964904785,0.4121800056457519,0.598779022693634,Maxi Gómez,h,6124,FromCorner,2017,LeftFoot,7944,Celta Vigo,Girona,3,3,2017-09-29 20:00:00,,Rebound
171145,76,BlockedShot,1.0327000350952147,0.4151399887084961,0.0809957012534141,Maxi Gómez,h,6124,OpenPlay,2017,RightFoot,7967,Celta Vigo,Atletico Madrid,0,1,2017-10-23 01:15:00,Pione Sisto,Chipped
171148,85,MissedShots,1.0660499649047852,0.32263998870849603,0.0431234017014503,Maxi Gómez,h,6124,OpenPlay,2017,Head,7967,Celta Vigo,Atletico Madrid,0,1,2017-10-23 01:15:00,Emre Mor,Aerial
171788,55,MissedShots,1.049950035095215,0.3478,0.0925929024815559,Maxi Gómez,a,6124,FromCorner,2017,Head,7976,Malaga,Celta Vigo,2,1,2017-10-29 19:45:00,Daniel Wass,Cross
171796,88,SavedShot,1.0648999824523924,0.3048800056457519,0.4327769875526428,Maxi Gómez,a,6124,SetPiece,2017,RightFoot,7976,Malaga,Celta Vigo,2,1,2017-10-29 19:45:00,Iago Aspas,BallTouch
172223,31,MissedShots,0.9786499824523925,0.39293998870849606,0.0959175005555152,Maxi Gómez,h,6124,OpenPlay,2017,RightFoot,7986,Celta Vigo,Athletic Club,3,1,2017-11-05 15:15:00,Hugo Mallo,Cross
172482,12,Goal,0.9912999649047851,0.3522399887084961,0.0398482009768486,Maxi Gómez,a,6124,SetPiece,2017,Head,7997,Sevilla,Celta Vigo,2,1,2017-11-18 17:30:00,Pione Sisto,Cross
172484,21,MissedShots,1.0763999824523924,0.386280005645752,0.4883770048618316,Maxi Gómez,a,6124,OpenPlay,2017,Head,7997,Sevilla,Celta Vigo,2,1,2017-11-18 17:30:00,Daniel Wass,Cross
172492,51,MissedShots,1.025799964904785,0.2560399887084961,0.3085049986839294,Maxi Gómez,a,6124,OpenPlay,2017,RightFoot,7997,Sevilla,Celta Vigo,2,1,2017-11-18 17:30:00,,TakeOn
172498,75,SavedShot,1.0648999824523924,0.4240199943542481,0.386040985584259,Maxi Gómez,a,6124,OpenPlay,2017,RightFoot,7997,Sevilla,Celta Vigo,2,1,2017-11-18 17:30:00,Nemanja Radoja,HeadPass
171610,44,SavedShot,1.0327000350952147,0.2826800056457519,0.0376982986927032,Maxi Gómez,h,6124,OpenPlay,2017,Head,8007,Celta Vigo,Leganes,1,0,2017-11-24 20:00:00,Daniel Wass,Cross
172141,19,SavedShot,1.0557000350952148,0.4255,0.4446380138397217,Maxi Gómez,a,6124,OpenPlay,2017,RightFoot,8018,Barcelona,Celta Vigo,2,2,2017-12-02 12:00:00,Iago Aspas,Pass
172160,69,Goal,1.06375,0.32041999435424806,0.479200005531311,Maxi Gómez,a,6124,OpenPlay,2017,RightFoot,8018,Barcelona,Celta Vigo,2,2,2017-12-02 12:00:00,Iago Aspas,Pass
180316,5,MissedShots,0.84525,0.24716001129150392,0.0164893008768558,Maxi Gómez,a,6124,OpenPlay,2017,RightFoot,8028,Valencia,Celta Vigo,2,1,2017-12-09 19:45:00,Iago Aspas,Pass
180333,45,BlockedShot,1.012,0.32781999435424797,0.0710719004273414,Maxi Gómez,a,6124,OpenPlay,2017,RightFoot,8028,Valencia,Celta Vigo,2,1,2017-12-09 19:45:00,,None
180335,50,SavedShot,0.9303500175476074,0.27453998870849605,0.033815000206232,Maxi Gómez,a,6124,OpenPlay,2017,RightFoot,8028,Valencia,Celta Vigo,2,1,2017-12-09 19:45:00,Stanislav Lobotka,Pass
184249,40,SavedShot,1.1143500175476075,0.452880005645752,0.2131319940090179,Maxi Gómez,h,6124,OpenPlay,2017,LeftFoot,8030,Celta Vigo,Villarreal,0,1,2017-12-17 15:15:00,Daniel Wass,Cross
184563,78,ShotOnPost,1.0511000175476073,0.3677800056457519,0.3273560106754303,Maxi Gómez,a,6124,OpenPlay,2017,Head,8047,Deportivo La Coruna,Celta Vigo,1,3,2017-12-23 17:30:00,Hugo Mallo,Cross
187088,68,SavedShot,1.0648999824523924,0.3233800056457519,0.1124799996614456,Maxi Gómez,h,6124,OpenPlay,2017,RightFoot,8056,Celta Vigo,Real Madrid,2,2,2018-01-07 19:45:00,Iago Aspas,Pass
187092,81,Goal,1.0545499649047851,0.3559399887084961,0.3587790131568908,Maxi Gómez,h,6124,OpenPlay,2017,Head,8056,Celta Vigo,Real Madrid,2,2,2018-01-07 19:45:00,Daniel Wass,Chipped
189443,3,MissedShots,1.0005,0.24198000564575195,0.0427301004528999,Maxi Gómez,a,6124,OpenPlay,2017,RightFoot,8077,Real Sociedad,Celta Vigo,1,2,2018-01-21 17:30:00,Iago Aspas,Pass
189446,17,BlockedShot,0.9912999649047851,0.375180005645752,0.0898357033729553,Maxi Gómez,a,6124,OpenPlay,2017,RightFoot,8077,Real Sociedad,Celta Vigo,1,2,2018-01-21 17:30:00,Iago Aspas,Pass
189454,32,BlockedShot,0.979799964904785,0.375180005645752,0.0796557962894439,Maxi Gómez,a,6124,OpenPlay,2017,RightFoot,8077,Real Sociedad,Celta Vigo,1,2,2018-01-21 17:30:00,,Rebound
189464,74,Goal,1.049950035095215,0.4484399887084961,0.0361556001007556,Maxi Gómez,a,6124,FromCorner,2017,Head,8077,Real Sociedad,Celta Vigo,1,2,2018-01-21 17:30:00,Daniel Wass,Cross
191108,18,MissedShots,0.9199999999999999,0.37961999435424804,0.0629808977246284,Maxi Gómez,h,6124,OpenPlay,2017,RightFoot,8080,Celta Vigo,Real Betis,3,2,2018-01-29 20:00:00,Iago Aspas,Pass
191113,49,MissedShots,1.1086000175476074,0.457319994354248,0.0141110001131892,Maxi Gómez,h,6124,FromCorner,2017,Head,8080,Celta Vigo,Real Betis,3,2,2018-01-29 20:00:00,Iago Aspas,Aerial
191114,50,SavedShot,1.0844500350952146,0.42179999999999995,0.4726319909095764,Maxi Gómez,h,6124,OpenPlay,2017,RightFoot,8080,Celta Vigo,Real Betis,3,2,2018-01-29 20:00:00,Pione Sisto,TakeOn
191115,51,SavedShot,1.1304500350952147,0.45436001129150394,0.3576450049877167,Maxi Gómez,h,6124,OpenPlay,2017,LeftFoot,8080,Celta Vigo,Real Betis,3,2,2018-01-29 20:00:00,,BallTouch
191116,56,Goal,1.0924999999999998,0.38480000000000003,0.5962070226669312,Maxi Gómez,h,6124,OpenPlay,2017,Head,8080,Celta Vigo,Real Betis,3,2,2018-01-29 20:00:00,Jonny,Cross
191121,81,BlockedShot,0.9763500175476074,0.2530800056457519,0.0709289014339447,Maxi Gómez,h,6124,OpenPlay,2017,RightFoot,8080,Celta Vigo,Real Betis,3,2,2018-01-29 20:00:00,Nemanja Radoja,Pass
195244,50,BlockedShot,1.049950035095215,0.3877600112915039,0.1199619993567466,Maxi Gómez,a,6124,OpenPlay,2017,Head,8092,Alaves,Celta Vigo,2,1,2018-02-03 17:30:00,Iago Aspas,Cross
195465,15,MissedShots,1.0039500350952149,0.33891999435424797,0.0150327002629637,Maxi Gómez,h,6124,OpenPlay,2017,Head,8103,Celta Vigo,Espanyol,2,2,2018-02-11 17:30:00,Daniel Wass,Aerial
195467,25,SavedShot,1.0763999824523924,0.3233800056457519,0.3708730041980743,Maxi Gómez,h,6124,OpenPlay,2017,Head,8103,Celta Vigo,Espanyol,2,2,2018-02-11 17:30:00,Hugo Mallo,HeadPass
195469,31,Goal,1.1155,0.40330000000000005,0.5161010026931763,Maxi Gómez,h,6124,OpenPlay,2017,Head,8103,Celta Vigo,Espanyol,2,2,2018-02-11 17:30:00,Hugo Mallo,Cross
195471,37,SavedShot,1.0269500350952148,0.48247997741699217,0.0895757004618644,Maxi Gómez,h,6124,OpenPlay,2017,RightFoot,8103,Celta Vigo,Espanyol,2,2,2018-02-11 17:30:00,Iago Aspas,Pass
195477,64,BlockedShot,1.1074500350952146,0.40256001129150387,0.1542460024356842,Maxi Gómez,h,6124,OpenPlay,2017,RightFoot,8103,Celta Vigo,Espanyol,2,2,2018-02-11 17:30:00,Iago Aspas,Rebound
195475,64,SavedShot,1.0821499824523924,0.4410399887084961,0.042791198939085,Maxi Gómez,h,6124,OpenPlay,2017,Head,8103,Celta Vigo,Espanyol,2,2,2018-02-11 17:30:00,Daniel Wass,Aerial
195479,74,BlockedShot,1.0487999649047852,0.45658000564575196,0.047504998743534,Maxi Gómez,h,6124,SetPiece,2017,Head,8103,Celta Vigo,Espanyol,2,2,2018-02-11 17:30:00,Daniel Wass,Cross
195480,79,Goal,1.0303999824523924,0.3988600112915039,0.0854929015040397,Maxi Gómez,h,6124,OpenPlay,2017,RightFoot,8103,Celta Vigo,Espanyol,2,2,2018-02-11 17:30:00,Emre Mor,Cross
197181,78,Goal,1.0073999824523925,0.4351199943542481,0.4165289998054504,Maxi Gómez,h,6124,OpenPlay,2017,RightFoot,8123,Celta Vigo,Eibar,2,0,2018-02-24 12:00:00,Hugo Mallo,Chipped
198232,8,SavedShot,0.8866499824523925,0.29378000564575196,0.0273912008851766,Maxi Gómez,a,6124,OpenPlay,2017,RightFoot,8132,Girona,Celta Vigo,1,0,2018-02-27 20:30:00,Iago Aspas,Pass
198237,27,BlockedShot,0.9843999824523926,0.4240199943542481,0.0966755971312522,Maxi Gómez,a,6124,OpenPlay,2017,LeftFoot,8132,Girona,Celta Vigo,1,0,2018-02-27 20:30:00,Emre Mor,Throughball
198239,35,MissedShots,1.0533999824523923,0.43881999435424807,0.0273420996963977,Maxi Gómez,a,6124,OpenPlay,2017,Head,8132,Girona,Celta Vigo,1,0,2018-02-27 20:30:00,Jonny,Aerial
198248,85,MissedShots,1.1212499999999999,0.21089999999999998,0.0808724015951156,Maxi Gómez,a,6124,OpenPlay,2017,RightFoot,8132,Girona,Celta Vigo,1,0,2018-02-27 20:30:00,Iago Aspas,Chipped
199632,46,MissedShots,1.0430499649047853,0.4188399887084961,0.4386569857597351,Maxi Gómez,h,6124,OpenPlay,2017,LeftFoot,8145,Celta Vigo,Las Palmas,2,1,2018-03-05 20:00:00,Hugo Mallo,Pass
200721,23,BlockedShot,0.979799964904785,0.37296001129150386,0.0933779031038284,Maxi Gómez,a,6124,OpenPlay,2017,RightFoot,8155,Atletico Madrid,Celta Vigo,3,0,2018-03-11 15:15:00,Emre Mor,Pass
200735,80,SavedShot,0.8061499824523926,0.30931999435424806,0.0077657401561737,Maxi Gómez,a,6124,OpenPlay,2017,RightFoot,8155,Atletico Madrid,Celta Vigo,3,0,2018-03-11 15:15:00,,None
202210,62,BlockedShot,1.0269500350952148,0.5105999999999999,0.0543287992477417,Maxi Gómez,h,6124,OpenPlay,2017,LeftFoot,8166,Celta Vigo,Malaga,0,0,2018-03-18 17:30:00,Iago Aspas,Pass
202215,79,SavedShot,1.0729500350952146,0.4121800056457519,0.3212999999523163,Maxi Gómez,h,6124,OpenPlay,2017,Head,8166,Celta Vigo,Malaga,0,0,2018-03-18 17:30:00,Stanislav Lobotka,Chipped
204771,77,MissedShots,0.98325,0.346319994354248,0.0234012994915246,Maxi Gómez,a,6124,OpenPlay,2017,Head,8176,Athletic Club,Celta Vigo,1,1,2018-03-31 00:00:00,Jonny,Cross
204775,92,BlockedShot,0.8406499824523925,0.3877600112915039,0.0593763999640941,Maxi Gómez,a,6124,DirectFreekick,2017,RightFoot,8176,Athletic Club,Celta Vigo,1,1,2018-03-31 00:00:00,,Standard
208735,92,MissedShots,1.0372999649047852,0.3633399887084961,0.0783668980002403,Maxi Gómez,a,6124,FromCorner,2017,Head,8198,Leganes,Celta Vigo,1,0,2018-04-14 16:30:00,Emre Mor,Cross
209568,9,SavedShot,1.035,0.3781399887084961,0.4542610049247741,Maxi Gómez,h,6124,OpenPlay,2017,RightFoot,8208,Celta Vigo,Barcelona,2,2,2018-04-17 19:00:00,Iago Aspas,Pass
209575,28,BlockedShot,1.0338500175476073,0.3034,0.1109850034117698,Maxi Gómez,h,6124,OpenPlay,2017,RightFoot,8208,Celta Vigo,Barcelona,2,2,2018-04-17 19:00:00,Iago Aspas,Throughball
210454,62,Goal,1.0430499649047853,0.41291999435424803,0.0965961962938308,Maxi Gómez,h,6124,SetPiece,2017,Head,8218,Celta Vigo,Valencia,1,1,2018-04-21 14:15:00,Daniel Wass,Cross
212070,2,MissedShots,1.1143500175476075,0.40181999435424803,0.6880080103874207,Maxi Gómez,a,6124,OpenPlay,2017,LeftFoot,8226,Villarreal,Celta Vigo,4,1,2018-04-28 00:00:00,Brais Méndez,Rebound
212075,16,SavedShot,1.049950035095215,0.5061600112915039,0.0505127012729644,Maxi Gómez,a,6124,OpenPlay,2017,RightFoot,8226,Villarreal,Celta Vigo,4,1,2018-04-28 00:00:00,Pione Sisto,Pass
212076,24,BlockedShot,0.9326499824523925,0.3692600112915039,0.057270098477602,Maxi Gómez,a,6124,OpenPlay,2017,RightFoot,8226,Villarreal,Celta Vigo,4,1,2018-04-28 00:00:00,Pione Sisto,Pass
213452,12,Goal,1.0568500175476074,0.36481999435424806,0.0536406002938747,Maxi Gómez,h,6124,OpenPlay,2017,Head,8237,Celta Vigo,Deportivo La Coruna,1,1,2018-05-05 17:30:00,,Rebound
213458,28,SavedShot,1.012,0.30858000564575194,0.4082249999046325,Maxi Gómez,h,6124,OpenPlay,2017,RightFoot,8237,Celta Vigo,Deportivo La Coruna,1,1,2018-05-05 17:30:00,,BlockedPass
214920,12,MissedShots,0.8326000175476074,0.21608000564575192,0.0108789000660181,Maxi Gómez,a,6124,OpenPlay,2017,RightFoot,8247,Real Madrid,Celta Vigo,6,0,2018-05-12 17:30:00,Daniel Wass,HeadPass
214922,15,MissedShots,0.9786499824523925,0.2294,0.032686598598957,Maxi Gómez,a,6124,OpenPlay,2017,RightFoot,8247,Real Madrid,Celta Vigo,6,0,2018-05-12 17:30:00,Stanislav Lobotka,Pass
215931,28,Goal,1.1086000175476074,0.33596001129150393,0.6198379993438721,Maxi Gómez,h,6124,OpenPlay,2017,RightFoot,8257,Celta Vigo,Levante,4,2,2018-05-19 00:00:00,,Rebound
215930,28,BlockedShot,1.1086000175476074,0.33596001129150393,0.6038359999656677,Maxi Gómez,h,6124,OpenPlay,2017,LeftFoot,8257,Celta Vigo,Levante,4,2,2018-05-19 00:00:00,Iago Aspas,Pass
215935,37,BlockedShot,1.0511000175476073,0.49283998870849605,0.0528178997337818,Maxi Gómez,h,6124,FromCorner,2017,RightFoot,8257,Celta Vigo,Levante,4,2,2018-05-19 00:00:00,,None
215944,62,Goal,1.0775499649047853,0.350019994354248,0.4030900001525879,Maxi Gómez,h,6124,FromCorner,2017,Head,8257,Celta Vigo,Levante,4,2,2018-05-19 00:00:00,Daniel Wass,Cross
218193,88,MissedShots,0.8498500175476074,0.5372399887084961,0.0414940007030963,Maxi Gómez,h,6124,DirectFreekick,2018,RightFoot,9959,Celta Vigo,Espanyol,1,1,2018-08-18 19:15:00,,Standard
221125,19,MissedShots,1.112049964904785,0.3455800056457519,0.5970180034637451,Maxi Gómez,a,6124,OpenPlay,2018,LeftFoot,9975,Levante,Celta Vigo,1,2,2018-08-27 21:15:00,Hugo Mallo,Cross
221130,33,SavedShot,0.9452999649047851,0.4699,0.0082956301048398,Maxi Gómez,a,6124,OpenPlay,2018,Head,9975,Levante,Celta Vigo,1,2,2018-08-27 21:15:00,Facundo Roncaglia,Aerial
221131,34,Goal,1.1189500350952146,0.3034,0.4081000089645386,Maxi Gómez,a,6124,OpenPlay,2018,RightFoot,9975,Levante,Celta Vigo,1,2,2018-08-27 21:15:00,Pione Sisto,Throughball
221138,51,SavedShot,0.8693999824523925,0.383319994354248,0.0347341001033782,Maxi Gómez,a,6124,OpenPlay,2018,LeftFoot,9975,Levante,Celta Vigo,1,2,2018-08-27 21:15:00,Junior Alonso,Pass
221149,86,BlockedShot,1.0924999999999998,0.375180005645752,0.1526090055704116,Maxi Gómez,a,6124,OpenPlay,2018,RightFoot,9975,Levante,Celta Vigo,1,2,2018-08-27 21:15:00,Sofiane Boufal,Pass
221899,45,Goal,1.0269500350952148,0.27306001129150387,0.0786475986242294,Maxi Gómez,h,6124,OpenPlay,2018,RightFoot,9980,Celta Vigo,Atletico Madrid,2,0,2018-09-01 16:30:00,,BallRecovery
224583,14,SavedShot,0.9268999824523925,0.3766600112915039,0.0554089993238449,Maxi Gómez,a,6124,OpenPlay,2018,RightFoot,9996,Girona,Celta Vigo,3,2,2018-09-17 19:00:00,Pione Sisto,Pass
224582,14,BlockedShot,0.8326000175476074,0.296,0.0197164006531238,Maxi Gómez,a,6124,OpenPlay,2018,RightFoot,9996,Girona,Celta Vigo,3,2,2018-09-17 19:00:00,Stanislav Lobotka,Pass
224591,44,BlockedShot,0.8314500350952148,0.3774,0.0547719001770019,Maxi Gómez,a,6124,DirectFreekick,2018,RightFoot,9996,Girona,Celta Vigo,3,2,2018-09-17 19:00:00,,Standard
224594,49,BlockedShot,1.0005,0.4972799774169922,0.0478070005774498,Maxi Gómez,a,6124,OpenPlay,2018,LeftFoot,9996,Girona,Celta Vigo,3,2,2018-09-17 19:00:00,,None
224608,89,SavedShot,1.049950035095215,0.34040000000000004,0.0959187000989914,Maxi Gómez,a,6124,OpenPlay,2018,Head,9996,Girona,Celta Vigo,3,2,2018-09-17 19:00:00,Sofiane Boufal,Cross
225243,8,Goal,1.0614500350952147,0.40403998870849606,0.5191699862480164,Maxi Gómez,h,6124,OpenPlay,2018,RightFoot,10005,Celta Vigo,Real Valladolid,3,3,2018-09-22 14:15:00,,Dispossessed
227394,71,MissedShots,1.01775,0.331519994354248,0.0581908002495765,Maxi Gómez,a,6124,OpenPlay,2018,Head,10011,Valencia,Celta Vigo,1,1,2018-09-26 20:00:00,Pione Sisto,Cross
227396,76,MissedShots,0.9889999999999999,0.41661999435424807,0.0289299990981817,Maxi Gómez,a,6124,OpenPlay,2018,Head,10011,Valencia,Celta Vigo,1,1,2018-09-26 20:00:00,Pione Sisto,Cross
257917,32,Goal,0.9395499649047852,0.3322600112915039,0.0071382699534296,Maxi Gómez,h,6124,OpenPlay,2018,Head,10025,Celta Vigo,Getafe,1,1,2018-10-01 19:00:00,Hugo Mallo,Aerial
258951,62,Goal,1.0487999649047852,0.3219,0.1012879982590675,Maxi Gómez,a,6124,OpenPlay,2018,Head,10057,Real Betis,Celta Vigo,3,3,2018-11-04 19:45:00,Andrew Hjulsager,Cross
258957,83,Goal,1.1292999649047852,0.3892399887084961,0.6882920265197754,Maxi Gómez,a,6124,OpenPlay,2018,LeftFoot,10057,Real Betis,Celta Vigo,3,3,2018-11-04 19:45:00,Andrew Hjulsager,Cross
259216,4,MissedShots,1.058,0.3966399887084961,0.1337870061397552,Maxi Gómez,h,6124,OpenPlay,2018,RightFoot,10074,Celta Vigo,Real Madrid,2,4,2018-11-11 19:45:00,Sofiane Boufal,Rebound
259219,17,BlockedShot,0.8521499824523926,0.3766600112915039,0.0203239005059003,Maxi Gómez,h,6124,OpenPlay,2018,RightFoot,10074,Celta Vigo,Real Madrid,2,4,2018-11-11 19:45:00,Iago Aspas,BallTouch
259489,74,BlockedShot,0.9372499999999999,0.33078000564575194,0.0641945973038673,Maxi Gómez,a,6124,OpenPlay,2018,RightFoot,10078,Real Sociedad,Celta Vigo,2,1,2018-11-26 20:00:00,Iago Aspas,Pass
259493,81,Goal,1.0648999824523924,0.375180005645752,0.3819490075111389,Maxi Gómez,a,6124,OpenPlay,2018,Head,10078,Real Sociedad,Celta Vigo,2,1,2018-11-26 20:00:00,Brais Méndez,Cross
259519,21,SavedShot,0.9372499999999999,0.4972799774169922,0.029942899942398,Maxi Gómez,h,6124,OpenPlay,2018,RightFoot,10093,Celta Vigo,SD Huesca,2,0,2018-12-01 12:00:00,Sofiane Boufal,Pass
259822,50,Goal,1.06375,0.24863998870849607,0.2560519874095917,Maxi Gómez,a,6124,OpenPlay,2018,RightFoot,10099,Villarreal,Celta Vigo,2,3,2018-12-08 17:30:00,Brais Méndez,Pass
259823,53,MissedShots,1.0683500175476075,0.2627,0.4470359981060028,Maxi Gómez,a,6124,OpenPlay,2018,RightFoot,10099,Villarreal,Celta Vigo,2,3,2018-12-08 17:30:00,Iago Aspas,Throughball
259835,97,BlockedShot,1.0614500350952147,0.2405,0.0859284996986389,Maxi Gómez,a,6124,OpenPlay,2018,RightFoot,10099,Villarreal,Celta Vigo,2,3,2018-12-08 17:30:00,Fran Beltrán,Pass
260015,11,MissedShots,1.02925,0.40921999435424805,0.0778539031744003,Maxi Gómez,h,6124,OpenPlay,2018,Head,10115,Celta Vigo,Leganes,0,0,2018-12-14 20:00:00,Hugo Mallo,Cross
260023,56,BlockedShot,0.8613500175476073,0.3781399887084961,0.0317863002419471,Maxi Gómez,h,6124,OpenPlay,2018,RightFoot,10115,Celta Vigo,Leganes,0,0,2018-12-14 20:00:00,Iago Aspas,LayOff
260025,72,ShotOnPost,1.0338500175476073,0.43438000564575197,0.0626690983772277,Maxi Gómez,h,6124,OpenPlay,2018,Head,10115,Celta Vigo,Leganes,0,0,2018-12-14 20:00:00,David Juncà,Cross
260358,23,SavedShot,0.9383999824523925,0.36186001129150386,0.0586773008108139,Maxi Gómez,a,6124,OpenPlay,2018,RightFoot,10117,Barcelona,Celta Vigo,2,0,2018-12-22 17:30:00,Hugo Mallo,Pass
260367,76,MissedShots,1.0924999999999998,0.4847,0.0163767002522945,Maxi Gómez,a,6124,FromCorner,2018,Head,10117,Barcelona,Celta Vigo,2,0,2018-12-22 17:30:00,Brais Méndez,Cross
280048,13,ShotOnPost,0.8544500350952148,0.22051999435424804,0.0463961996138095,Maxi Gómez,h,6124,DirectFreekick,2018,RightFoot,10132,Celta Vigo,Athletic Club,1,2,2019-01-07 20:00:00,,Standard
280055,34,BlockedShot,1.0487999649047852,0.4225399887084961,0.033322799950838,Maxi Gómez,h,6124,OpenPlay,2018,Head,10132,Celta Vigo,Athletic Club,1,2,2019-01-07 20:00:00,Brais Méndez,Aerial
280058,45,BlockedShot,0.98325,0.3433600112915039,0.0466228015720844,Maxi Gómez,h,6124,OpenPlay,2018,RightFoot,10132,Celta Vigo,Athletic Club,1,2,2019-01-07 20:00:00,Hugo Mallo,Cross
280059,46,MissedShots,1.049950035095215,0.3004399887084961,0.0164519008249044,Maxi Gómez,h,6124,FromCorner,2018,Head,10132,Celta Vigo,Athletic Club,1,2,2019-01-07 20:00:00,Hugo Mallo,Aerial
280062,49,SavedShot,1.0223500175476072,0.191659997177124,0.0301191993057727,Maxi Gómez,h,6124,OpenPlay,2018,RightFoot,10132,Celta Vigo,Athletic Club,1,2,2019-01-07 20:00:00,Brais Méndez,Pass
280069,95,MissedShots,1.0487999649047852,0.3256,0.2735669910907745,Maxi Gómez,h,6124,OpenPlay,2018,Head,10132,Celta Vigo,Athletic Club,1,2,2019-01-07 20:00:00,,None
280071,12,BlockedShot,1.0234999999999999,0.22569999999999998,0.0383680984377861,Maxi Gómez,a,6124,FromCorner,2018,LeftFoot,10139,Rayo Vallecano,Celta Vigo,4,2,2019-01-11 20:00:00,,None
280076,17,Goal,1.01775,0.37,0.7432780265808105,Maxi Gómez,a,6124,Penalty,2018,RightFoot,10139,Rayo Vallecano,Celta Vigo,4,2,2019-01-11 20:00:00,,Standard
280080,41,BlockedShot,1.0234999999999999,0.5564799774169922,0.0325808003544807,Maxi Gómez,a,6124,OpenPlay,2018,RightFoot,10139,Rayo Vallecano,Celta Vigo,4,2,2019-01-11 20:00:00,Jozabed,Chipped
280088,71,ShotOnPost,0.8383500175476074,0.5335399887084961,0.0389956012368202,Maxi Gómez,a,6124,DirectFreekick,2018,RightFoot,10139,Rayo Vallecano,Celta Vigo,4,2,2019-01-11 20:00:00,,Standard
280394,10,BlockedShot,0.8751499824523925,0.25529999999999997,0.015779199078679,Maxi Gómez,h,6124,OpenPlay,2018,RightFoot,10154,Celta Vigo,Valencia,1,2,2019-01-19 19:45:00,,None
280396,13,BlockedShot,0.9752000350952148,0.3707399887084961,0.1471530050039291,Maxi Gómez,h,6124,OpenPlay,2018,RightFoot,10154,Celta Vigo,Valencia,1,2,2019-01-19 19:45:00,Stanislav Lobotka,TakeOn
280648,10,MissedShots,0.8797499999999999,0.4662,0.0713431015610694,Maxi Gómez,a,6124,DirectFreekick,2018,RightFoot,10160,Real Valladolid,Celta Vigo,2,1,2019-01-27 11:00:00,,Standard
280653,30,MissedShots,1.07525,0.31893998870849605,0.0447897985577583,Maxi Gómez,a,6124,FromCorner,2018,Head,10160,Real Valladolid,Celta Vigo,2,1,2019-01-27 11:00:00,Hugo Mallo,Aerial
280667,61,MissedShots,1.1039999999999999,0.3936800056457519,0.5571600198745728,Maxi Gómez,a,6124,OpenPlay,2018,LeftFoot,10160,Real Valladolid,Celta Vigo,2,1,2019-01-27 11:00:00,Hugo Mallo,Cross
280898,67,MissedShots,0.45999999999999996,0.48322002258300784,0.0061075398698449,Maxi Gómez,h,6124,OpenPlay,2018,RightFoot,10175,Celta Vigo,Sevilla,1,0,2019-02-02 19:45:00,Fran Beltrán,BallRecovery
281631,30,SavedShot,0.8981499824523925,0.32781999435424797,0.0296994000673294,Maxi Gómez,a,6124,OpenPlay,2018,RightFoot,10197,Alaves,Celta Vigo,0,0,2019-02-23 17:30:00,David Juncà,TakeOn
281647,72,BlockedShot,1.0384500350952148,0.228659997177124,0.0477709993720054,Maxi Gómez,a,6124,OpenPlay,2018,RightFoot,10197,Alaves,Celta Vigo,0,0,2019-02-23 17:30:00,Stanislav Lobotka,Pass
281930,38,ShotOnPost,1.0683500175476075,0.3951600112915039,0.4166910052299499,Maxi Gómez,a,6124,OpenPlay,2018,RightFoot,10208,Eibar,Celta Vigo,1,0,2019-03-03 11:00:00,Brais Méndez,Cross
284858,27,MissedShots,0.9912999649047851,0.242719994354248,0.0503058992326259,Maxi Gómez,h,6124,OpenPlay,2018,RightFoot,10219,Celta Vigo,Real Betis,0,1,2019-03-10 11:00:00,Brais Méndez,Pass
286304,10,MissedShots,1.0407499999999998,0.4847,0.1036709994077682,Maxi Gómez,a,6124,OpenPlay,2018,RightFoot,10231,Real Madrid,Celta Vigo,2,0,2019-03-16 15:15:00,Brais Méndez,Chipped
286305,15,SavedShot,1.0695,0.37961999435424804,0.0908738002181053,Maxi Gómez,a,6124,SetPiece,2018,Head,10231,Real Madrid,Celta Vigo,2,0,2019-03-16 15:15:00,,None
287732,4,MissedShots,0.9038999824523924,0.5624,0.0160994995385408,Maxi Gómez,h,6124,OpenPlay,2018,RightFoot,10240,Celta Vigo,Villarreal,3,2,2019-03-30 17:30:00,Sofiane Boufal,Pass
287754,70,Goal,1.0453500175476074,0.40181999435424803,0.2191359996795654,Maxi Gómez,h,6124,OpenPlay,2018,Head,10240,Celta Vigo,Villarreal,3,2,2019-03-30 17:30:00,Lucas Olaza,Aerial
291276,37,MissedShots,1.0763999824523924,0.24493998870849606,0.1141949966549873,Maxi Gómez,a,6124,OpenPlay,2018,RightFoot,10248,SD Huesca,Celta Vigo,3,3,2019-04-03 19:30:00,Wesley Hoedt,Chipped
291300,87,BlockedShot,0.9234500350952148,0.5520399887084961,0.0626733005046844,Maxi Gómez,a,6124,DirectFreekick,2018,RightFoot,10248,SD Huesca,Celta Vigo,3,3,2019-04-03 19:30:00,,Standard
292819,26,BlockedShot,0.8441000175476074,0.4588,0.0201070997864007,Maxi Gómez,h,6124,OpenPlay,2018,RightFoot,10264,Celta Vigo,Real Sociedad,3,1,2019-04-07 17:30:00,Stanislav Lobotka,Pass
292822,32,SavedShot,1.014299964904785,0.3034,0.4064989984035492,Maxi Gómez,h,6124,OpenPlay,2018,RightFoot,10264,Celta Vigo,Real Sociedad,3,1,2019-04-07 17:30:00,Iago Aspas,Pass
292833,76,MissedShots,1.0338500175476073,0.2900800056457519,0.054475799202919,Maxi Gómez,h,6124,OpenPlay,2018,Head,10264,Celta Vigo,Real Sociedad,3,1,2019-04-07 17:30:00,Ryad Boudebouz,Cross
292837,90,MissedShots,1.1017000350952146,0.3122800056457519,0.3686279952526092,Maxi Gómez,h,6124,OpenPlay,2018,Head,10264,Celta Vigo,Real Sociedad,3,1,2019-04-07 17:30:00,Iago Aspas,Cross
292838,91,Goal,1.0787000350952145,0.38553998870849604,0.6139310002326965,Maxi Gómez,h,6124,OpenPlay,2018,RightFoot,10264,Celta Vigo,Real Sociedad,3,1,2019-04-07 17:30:00,Ryad Boudebouz,Pass
293753,17,SavedShot,1.0660499649047852,0.49283998870849605,0.0650392025709152,Maxi Gómez,a,6124,OpenPlay,2018,RightFoot,10273,Atletico Madrid,Celta Vigo,2,0,2019-04-13 17:30:00,,Rebound
293757,30,MissedShots,1.0430499649047853,0.3522399887084961,0.1249310001730918,Maxi Gómez,a,6124,OpenPlay,2018,Head,10273,Atletico Madrid,Celta Vigo,2,0,2019-04-13 17:30:00,Hugo Mallo,Cross
293760,65,MissedShots,0.9349500350952147,0.3663,0.0558582991361618,Maxi Gómez,a,6124,OpenPlay,2018,RightFoot,10273,Atletico Madrid,Celta Vigo,2,0,2019-04-13 17:30:00,Ryad Boudebouz,Pass
294886,26,MissedShots,1.081,0.40551999435424807,0.4562430083751678,Maxi Gómez,h,6124,OpenPlay,2018,Head,10283,Celta Vigo,Girona,2,1,2019-04-20 12:00:00,Ryad Boudebouz,Cross
294888,35,BlockedShot,1.0557000350952148,0.444,0.0861051976680755,Maxi Gómez,h,6124,OpenPlay,2018,LeftFoot,10283,Celta Vigo,Girona,2,1,2019-04-20 12:00:00,Lucas Olaza,Cross
294892,59,SavedShot,1.0430499649047853,0.43141999435424805,0.0775491967797279,Maxi Gómez,h,6124,OpenPlay,2018,Head,10283,Celta Vigo,Girona,2,1,2019-04-20 12:00:00,Lucas Olaza,Cross
296741,7,BlockedShot,1.0798500175476076,0.2671399887084961,0.0223366003483533,Maxi Gómez,a,6124,FromCorner,2018,Head,10290,Espanyol,Celta Vigo,1,1,2019-04-24 19:30:00,Ryad Boudebouz,Cross
296748,43,MissedShots,1.0384500350952148,0.3344800056457519,0.077394999563694,Maxi Gómez,a,6124,OpenPlay,2018,LeftFoot,10290,Espanyol,Celta Vigo,1,1,2019-04-24 19:30:00,,None
296751,48,SavedShot,1.0430499649047853,0.3344800056457519,0.108485996723175,Maxi Gómez,a,6124,OpenPlay,2018,RightFoot,10290,Espanyol,Celta Vigo,1,1,2019-04-24 19:30:00,,Rebound
296757,71,Goal,1.0487999649047852,0.33743998870849606,0.5977270007133484,Maxi Gómez,a,6124,OpenPlay,2018,LeftFoot,10290,Espanyol,Celta Vigo,1,1,2019-04-24 19:30:00,Iago Aspas,Pass
296758,73,MissedShots,0.9901499824523925,0.43068000564575193,0.0872929990291595,Maxi Gómez,a,6124,OpenPlay,2018,RightFoot,10290,Espanyol,Celta Vigo,1,1,2019-04-24 19:30:00,Ryad Boudebouz,Pass
296759,76,MissedShots,1.1166499824523926,0.41291999435424803,0.5300220251083374,Maxi Gómez,a,6124,OpenPlay,2018,Head,10290,Espanyol,Celta Vigo,1,1,2019-04-24 19:30:00,Ryad Boudebouz,Cross
297541,8,MissedShots,0.7923500175476074,0.43881999435424807,0.0173535998910665,Maxi Gómez,a,6124,OpenPlay,2018,RightFoot,10300,Leganes,Celta Vigo,0,0,2019-04-27 17:30:00,Lucas Olaza,Pass
299624,8,MissedShots,1.0602999649047853,0.21164000282287593,0.049575001001358,Maxi Gómez,h,6124,OpenPlay,2018,RightFoot,10309,Celta Vigo,Barcelona,2,0,2019-05-04 19:45:00,Rubén Blanco,Pass
299628,41,BlockedShot,1.0602999649047853,0.2397600112915039,0.0626787021756172,Maxi Gómez,h,6124,OpenPlay,2018,RightFoot,10309,Celta Vigo,Barcelona,2,0,2019-05-04 19:45:00,Ryad Boudebouz,Pass
299638,63,SavedShot,1.0798500175476076,0.3922,0.488970011472702,Maxi Gómez,h,6124,OpenPlay,2018,Head,10309,Celta Vigo,Barcelona,2,0,2019-05-04 19:45:00,Ryad Boudebouz,Cross
299639,66,Goal,1.0407499999999998,0.3182,0.0784785971045494,Maxi Gómez,h,6124,OpenPlay,2018,RightFoot,10309,Celta Vigo,Barcelona,2,0,2019-05-04 19:45:00,Ryad Boudebouz,Cross
302716,29,MissedShots,1.0234999999999999,0.5046799774169922,0.0167119000107049,Maxi Gómez,h,6124,OpenPlay,2018,Head,10335,Celta Vigo,Rayo Vallecano,2,2,2019-05-18 18:45:00,Lucas Olaza,Chipped
302736,87,SavedShot,0.824549964904785,0.383319994354248,0.0513251014053821,Maxi Gómez,h,6124,DirectFreekick,2018,RightFoot,10335,Celta Vigo,Rayo Vallecano,2,2,2019-05-18 18:45:00,,Standard
316398,75,SavedShot,1.106299964904785,0.3048800056457519,0.0949926972389221,Maxi Gómez,h,6124,FromCorner,2019,RightFoot,12049,Valencia,Mallorca,2,0,2019-09-01 16:00:00,,None
317730,91,Goal,1.1017000350952146,0.3811,0.6322420239448547,Maxi Gómez,a,6124,OpenPlay,2019,RightFoot,12054,Barcelona,Valencia,5,2,2019-09-14 19:00:00,Denis Cheryshev,Pass
321198,53,SavedShot,1.06375,0.4225399887084961,0.0926769971847534,Maxi Gómez,h,6124,OpenPlay,2019,RightFoot,12069,Valencia,Leganes,1,1,2019-09-22 14:00:00,José Gayá,Cross
321940,29,Goal,1.035,0.40330000000000005,0.0780111998319625,Maxi Gómez,h,6124,OpenPlay,2019,RightFoot,12076,Valencia,Getafe,3,3,2019-09-25 18:00:00,,None
321941,33,Goal,1.0959500350952145,0.3922,0.3621270060539245,Maxi Gómez,h,6124,FromCorner,2019,Head,12076,Valencia,Getafe,3,3,2019-09-25 18:00:00,Daniel Parejo,Aerial
322331,4,MissedShots,0.9682999649047851,0.37961999435424804,0.0824541971087455,Maxi Gómez,a,6124,OpenPlay,2019,RightFoot,12084,Athletic Club,Valencia,0,1,2019-09-28 11:00:00,Daniel Wass,Pass
322332,8,MissedShots,1.0993999824523926,0.2627,0.0620358996093273,Maxi Gómez,a,6124,OpenPlay,2019,RightFoot,12084,Athletic Club,Valencia,0,1,2019-09-28 11:00:00,Rodrigo,Chipped
322341,50,SavedShot,1.035,0.5394600112915039,0.1752000004053115,Maxi Gómez,a,6124,OpenPlay,2019,LeftFoot,12084,Athletic Club,Valencia,0,1,2019-09-28 11:00:00,Rodrigo,Pass
324290,26,Goal,0.9936000175476074,0.3233800056457519,0.3417730033397674,Maxi Gómez,h,6124,OpenPlay,2019,RightFoot,12101,Valencia,Alaves,2,1,2019-10-05 17:30:00,Rodrigo,Pass
324293,33,MissedShots,1.1155,0.23901999435424798,0.0737527981400489,Maxi Gómez,h,6124,OpenPlay,2019,RightFoot,12101,Valencia,Alaves,2,1,2019-10-05 17:30:00,Rodrigo,TakeOn
328378,15,MissedShots,1.0465,0.38183998870849606,0.0592625997960567,Maxi Gómez,h,6124,OpenPlay,2019,Head,12132,Valencia,Sevilla,1,1,2019-10-30 18:00:00,Lee Kang-In,Aerial
328385,47,SavedShot,0.9602499999999999,0.3677800056457519,0.296095997095108,Maxi Gómez,h,6124,OpenPlay,2019,RightFoot,12132,Valencia,Sevilla,1,1,2019-10-30 18:00:00,Lee Kang-In,Pass
328889,79,Goal,1.081,0.39071999435424803,0.4920710027217865,Maxi Gómez,a,6124,OpenPlay,2019,Head,12134,Espanyol,Valencia,1,2,2019-11-02 12:00:00,Rodrigo,Cross
328890,81,BlockedShot,0.9441499824523925,0.4847,0.0519266985356807,Maxi Gómez,a,6124,OpenPlay,2019,RightFoot,12134,Espanyol,Valencia,1,2,2019-11-02 12:00:00,Daniel Parejo,Chipped
330605,9,SavedShot,0.9544999999999999,0.2641800056457519,0.0508564002811908,Maxi Gómez,h,6124,OpenPlay,2019,RightFoot,12152,Valencia,Granada,2,0,2019-11-09 15:00:00,,BallRecovery
332180,31,Goal,1.0591499824523924,0.35741999435424804,0.5381799936294556,Maxi Gómez,a,6124,OpenPlay,2019,RightFoot,12153,Real Betis,Valencia,2,1,2019-11-23 15:00:00,,None
353651,4,BlockedShot,1.0372999649047852,0.3478,0.0730030015110969,Maxi Gómez,h,6124,FromCorner,2019,Head,12211,Valencia,Eibar,1,0,2020-01-04 12:00:00,Daniel Parejo,Cross
353655,26,Goal,1.058,0.39071999435424803,0.3697580099105835,Maxi Gómez,h,6124,OpenPlay,2019,Head,12211,Valencia,Eibar,1,0,2020-01-04 12:00:00,Daniel Wass,Cross
353662,55,BlockedShot,0.98325,0.24716001129150392,0.0621999017894268,Maxi Gómez,h,6124,OpenPlay,2019,RightFoot,12211,Valencia,Eibar,1,0,2020-01-04 12:00:00,Carlos Soler,Pass
355074,43,MissedShots,0.9993500175476074,0.5032,0.0474122017621994,Maxi Gómez,a,6124,OpenPlay,2019,RightFoot,12219,Mallorca,Valencia,4,1,2020-01-19 11:00:00,José Gayá,Pass
355076,49,BlockedShot,0.8705499649047851,0.26861999435424805,0.0212268996983766,Maxi Gómez,a,6124,OpenPlay,2019,RightFoot,12219,Mallorca,Valencia,4,1,2020-01-19 11:00:00,Daniel Parejo,Pass
355078,72,BlockedShot,1.01775,0.26196001129150387,0.073345698416233,Maxi Gómez,a,6124,OpenPlay,2019,RightFoot,12219,Mallorca,Valencia,4,1,2020-01-19 11:00:00,Ferrán Torres,Pass
355813,11,SavedShot,1.01775,0.37,0.7432780265808105,Maxi Gómez,h,6124,Penalty,2019,RightFoot,12231,Valencia,Barcelona,2,0,2020-01-25 15:00:00,,Standard
355815,28,SavedShot,0.9912999649047851,0.5490799774169922,0.0283039007335901,Maxi Gómez,h,6124,OpenPlay,2019,RightFoot,12231,Valencia,Barcelona,2,0,2020-01-25 15:00:00,Carlos Soler,Pass
355822,47,Goal,1.0223500175476072,0.23235999717712402,0.0526812002062797,Maxi Gómez,h,6124,OpenPlay,2019,RightFoot,12231,Valencia,Barcelona,2,0,2020-01-25 15:00:00,,None
355821,47,MissedShots,0.979799964904785,0.183519994354248,0.0271345004439353,Maxi Gómez,h,6124,OpenPlay,2019,RightFoot,12231,Valencia,Barcelona,2,0,2020-01-25 15:00:00,Kevin Gameiro,Pass
355829,76,Goal,0.9843999824523926,0.4588,0.0826397016644477,Maxi Gómez,h,6124,OpenPlay,2019,RightFoot,12231,Valencia,Barcelona,2,0,2020-01-25 15:00:00,Ferrán Torres,Pass
357019,75,SavedShot,1.0108500175476074,0.4255,0.0336597003042697,Maxi Gómez,h,6124,OpenPlay,2019,Head,12240,Valencia,Celta Vigo,1,0,2020-02-01 20:00:00,Ferrán Torres,Cross
358053,31,BlockedShot,0.9993500175476074,0.305619994354248,0.0954177975654602,Maxi Gómez,a,6124,OpenPlay,2019,RightFoot,12244,Getafe,Valencia,3,0,2020-02-08 15:00:00,Ferrán Torres,Pass
358763,26,MissedShots,1.0557000350952148,0.3589,0.0651962012052536,Maxi Gómez,h,6124,SetPiece,2019,Head,12261,Valencia,Atletico Madrid,2,2,2020-02-14 20:00:00,Daniel Parejo,Aerial
358775,81,MissedShots,0.98325,0.35519999999999996,0.0945620015263557,Maxi Gómez,h,6124,OpenPlay,2019,RightFoot,12261,Valencia,Atletico Madrid,2,2,2020-02-14 20:00:00,Ferrán Torres,Pass
367359,6,MissedShots,1.1028500175476075,0.29896001129150385,0.0828287005424499,Maxi Gómez,a,6124,OpenPlay,2019,RightFoot,12342,Villarreal,Valencia,2,0,2020-06-28 16:30:00,José Gayá,Cross
368088,7,MissedShots,0.9878500175476074,0.4284600112915039,0.0187327992171049,Maxi Gómez,h,6124,OpenPlay,2019,Head,12351,Valencia,Athletic Club,0,2,2020-07-01 17:30:00,Gonçalo Guedes,Cross
368093,33,MissedShots,1.0430499649047853,0.47063998870849605,0.009171069599688,Maxi Gómez,h,6124,OpenPlay,2019,Head,12351,Valencia,Athletic Club,0,2,2020-07-01 17:30:00,Alessandro Florenzi,Aerial
368094,38,MissedShots,1.0648999824523924,0.3966399887084961,0.4098840057849884,Maxi Gómez,h,6124,OpenPlay,2019,Head,12351,Valencia,Athletic Club,0,2,2020-07-01 17:30:00,Alessandro Florenzi,Cross
368103,69,MissedShots,1.0465,0.31893998870849605,0.0948084965348243,Maxi Gómez,h,6124,OpenPlay,2019,Head,12351,Valencia,Athletic Club,0,2,2020-07-01 17:30:00,Denis Cheryshev,Cross
368866,95,MissedShots,1.0660499649047852,0.3159800056457519,0.0308961998671293,Maxi Gómez,a,6124,FromCorner,2019,Head,12357,Granada,Valencia,2,2,2020-07-04 20:00:00,Carlos Soler,Aerial
369444,29,Goal,1.09825,0.38183998870849606,0.6688680052757263,Maxi Gómez,h,6124,OpenPlay,2019,RightFoot,12368,Valencia,Real Valladolid,2,1,2020-07-07 17:30:00,Kevin Gameiro,Pass
369445,34,BlockedShot,0.8348999824523925,0.3122800056457519,0.0243279002606868,Maxi Gómez,h,6124,OpenPlay,2019,RightFoot,12368,Valencia,Real Valladolid,2,1,2020-07-07 17:30:00,Kevin Gameiro,Pass
369450,52,SavedShot,1.0660499649047852,0.350019994354248,0.1161990016698837,Maxi Gómez,h,6124,FromCorner,2019,Head,12368,Valencia,Real Valladolid,2,1,2020-07-07 17:30:00,Daniel Parejo,Cross
372038,77,SavedShot,0.9924500350952148,0.4787799774169922,0.0713927000761032,Maxi Gómez,h,6124,OpenPlay,2019,RightFoot,12388,Valencia,Espanyol,1,0,2020-07-16 19:00:00,,None
377044,38,Goal,1.031549964904785,0.4773,0.0933844000101089,Maxi Gómez,h,6124,OpenPlay,2020,LeftFoot,14144,Valencia,Levante,4,2,2020-09-13 19:00:00,Lee Kang-In,Throughball
377045,45,SavedShot,0.9107999649047851,0.32781999435424797,0.0398990996181964,Maxi Gómez,h,6124,OpenPlay,2020,RightFoot,14144,Valencia,Levante,4,2,2020-09-13 19:00:00,Yunus Musah,Pass
377051,53,BlockedShot,0.8636499824523926,0.3293,0.0228885002434253,Maxi Gómez,h,6124,OpenPlay,2020,RightFoot,14144,Valencia,Levante,4,2,2020-09-13 19:00:00,,BallRecovery
377065,93,SavedShot,1.02925,0.453619994354248,0.3765850067138672,Maxi Gómez,h,6124,OpenPlay,2020,LeftFoot,14144,Valencia,Levante,4,2,2020-09-13 19:00:00,Denis Cheryshev,Pass
377774,42,BlockedShot,1.0338500175476073,0.2368,0.0458660013973712,Maxi Gómez,a,6124,OpenPlay,2020,RightFoot,14147,Celta Vigo,Valencia,2,1,2020-09-19 19:00:00,Daniel Wass,Pass
377775,45,Goal,0.9901499824523925,0.3145,0.0504277013242244,Maxi Gómez,a,6124,OpenPlay,2020,RightFoot,14147,Celta Vigo,Valencia,2,1,2020-09-19 19:00:00,Daniel Wass,Cross
377792,92,SavedShot,0.8394999999999999,0.34040000000000004,0.0581537000834941,Maxi Gómez,a,6124,DirectFreekick,2020,RightFoot,14147,Celta Vigo,Valencia,2,1,2020-09-19 19:00:00,,Standard
380020,9,MissedShots,0.8233999824523925,0.23161999435424807,0.0191347002983093,Maxi Gómez,a,6124,OpenPlay,2020,RightFoot,14170,Real Sociedad,Valencia,0,1,2020-09-29 17:00:00,Daniel Wass,Pass
380026,35,SavedShot,0.8038500175476073,0.37296001129150386,0.0429029986262321,Maxi Gómez,a,6124,DirectFreekick,2020,RightFoot,14170,Real Sociedad,Valencia,0,1,2020-09-29 17:00:00,,Standard
380036,74,Goal,1.0993999824523926,0.372219994354248,0.5663719773292542,Maxi Gómez,a,6124,OpenPlay,2020,LeftFoot,14170,Real Sociedad,Valencia,0,1,2020-09-29 17:00:00,José Gayá,Cross
380832,40,SavedShot,1.0856000175476075,0.4625,0.3834800124168396,Maxi Gómez,h,6124,OpenPlay,2020,RightFoot,14822,Valencia,Real Betis,0,2,2020-10-03 19:00:00,Gonçalo Guedes,Throughball
380843,75,BlockedShot,0.9694500350952148,0.5705399887084961,0.02168869972229,Maxi Gómez,h,6124,OpenPlay,2020,RightFoot,14822,Valencia,Real Betis,0,2,2020-10-03 19:00:00,Lee Kang-In,Pass
382608,24,BlockedShot,0.9303500175476074,0.2086800056457519,0.0316058993339538,Maxi Gómez,a,6124,OpenPlay,2020,RightFoot,14834,Villarreal,Valencia,2,1,2020-10-18 14:00:00,Gonçalo Guedes,TakeOn
388767,3,BlockedShot,0.8521499824523926,0.38406001129150386,0.0233133006840944,Maxi Gómez,h,6124,OpenPlay,2020,RightFoot,14882,Valencia,Atletico Madrid,0,1,2020-11-28 15:15:00,Daniel Wass,Pass
391431,23,BlockedShot,1.02925,0.4662,0.1082359999418258,Maxi Gómez,h,6124,OpenPlay,2020,RightFoot,14895,Valencia,Athletic Club,2,2,2020-12-12 13:00:00,,TakeOn
391446,72,MissedShots,1.0648999824523924,0.35446001129150384,0.3861350119113922,Maxi Gómez,h,6124,SetPiece,2020,Head,14895,Valencia,Athletic Club,2,2,2020-12-12 13:00:00,Carlos Soler,Cross
394011,44,SavedShot,1.0717999649047854,0.3566800056457519,0.4737150073051452,Maxi Gómez,a,6124,OpenPlay,2020,Head,14909,Barcelona,Valencia,2,2,2020-12-19 15:15:00,Denis Cheryshev,Cross
394024,68,Goal,1.0787000350952145,0.3877600112915039,0.5380989909172058,Maxi Gómez,a,6124,OpenPlay,2020,RightFoot,14909,Barcelona,Valencia,2,2,2020-12-19 15:15:00,,None
394926,44,MissedShots,1.0384500350952148,0.3492800056457519,0.0691630989313125,Maxi Gómez,h,6124,FromCorner,2020,RightFoot,14925,Valencia,Sevilla,0,1,2020-12-22 16:30:00,Carlos Soler,Cross
394941,82,SavedShot,0.9855499649047851,0.3877600112915039,0.0102986004203557,Maxi Gómez,h,6124,SetPiece,2020,Head,14925,Valencia,Sevilla,0,1,2020-12-22 16:30:00,Carlos Soler,Aerial
397139,22,SavedShot,1.0361499824523923,0.3626,0.0470864996314048,Maxi Gómez,h,6124,OpenPlay,2020,Head,14945,Valencia,Cadiz,1,1,2021-01-04 20:00:00,Thierry Correia,Aerial
397144,46,SavedShot,0.98325,0.5446399887084962,0.0139790996909141,Maxi Gómez,h,6124,OpenPlay,2020,RightFoot,14945,Valencia,Cadiz,1,1,2021-01-04 20:00:00,José Gayá,Aerial
397152,78,Goal,1.0993999824523926,0.34040000000000004,0.4955550134181976,Maxi Gómez,h,6124,OpenPlay,2020,Head,14945,Valencia,Cadiz,1,1,2021-01-04 20:00:00,José Gayá,Cross
398492,10,SavedShot,0.9349500350952147,0.49432002258300783,0.0174416992813348,Maxi Gómez,a,6124,OpenPlay,2020,RightFoot,14956,Real Valladolid,Valencia,0,1,2021-01-10 20:00:00,Daniel Wass,Cross
398497,29,BlockedShot,0.8992999649047851,0.30783998870849605,0.0293340999633073,Maxi Gómez,a,6124,OpenPlay,2020,RightFoot,14956,Real Valladolid,Valencia,0,1,2021-01-10 20:00:00,,None
398505,55,BlockedShot,1.0269500350952148,0.48247997741699217,0.0644088983535766,Maxi Gómez,a,6124,OpenPlay,2020,LeftFoot,14956,Real Valladolid,Valencia,0,1,2021-01-10 20:00:00,Carlos Soler,Chipped
398509,63,ShotOnPost,1.1132000350952147,0.4484399887084961,0.1052469983696937,Maxi Gómez,a,6124,FromCorner,2020,RightFoot,14956,Real Valladolid,Valencia,0,1,2021-01-10 20:00:00,Hugo Guillamón,Rebound
400157,65,SavedShot,0.9107999649047851,0.2183,0.023709200322628,Maxi Gómez,h,6124,OpenPlay,2020,RightFoot,14965,Valencia,Osasuna,1,1,2021-01-21 18:00:00,Thierry Correia,Pass
401099,66,SavedShot,1.0591499824523924,0.20054000282287593,0.0338003002107143,Maxi Gómez,a,6124,OpenPlay,2020,RightFoot,14973,Atletico Madrid,Valencia,3,1,2021-01-24 20:00:00,Thierry Correia,Pass
403810,17,MissedShots,1.031549964904785,0.39738000564575193,0.0938694030046463,Maxi Gómez,a,6124,OpenPlay,2020,RightFoot,14989,Athletic Club,Valencia,1,1,2021-02-07 15:15:00,Thierry Correia,Cross
403811,27,MissedShots,1.0223500175476072,0.4588,0.0189247000962495,Maxi Gómez,a,6124,OpenPlay,2020,Head,14989,Athletic Club,Valencia,1,1,2021-02-07 15:15:00,Thierry Correia,Cross
403823,61,MissedShots,1.0959500350952145,0.25529999999999997,0.0163665004074573,Maxi Gómez,a,6124,FromCorner,2020,Head,14989,Athletic Club,Valencia,1,1,2021-02-07 15:15:00,Carlos Soler,Cross
403834,89,MissedShots,0.8372000350952148,0.2900800056457519,0.0518394000828266,Maxi Gómez,a,6124,DirectFreekick,2020,RightFoot,14989,Athletic Club,Valencia,1,1,2021-02-07 15:15:00,,Standard
404818,52,SavedShot,0.8337499999999999,0.5402,0.0095537099987268,Maxi Gómez,a,6124,OpenPlay,2020,RightFoot,15005,Real Madrid,Valencia,2,0,2021-02-14 15:15:00,Yunus Musah,Pass
405673,43,BlockedShot,0.7934999999999999,0.49210000000000004,0.0137034999206662,Maxi Gómez,h,6124,OpenPlay,2020,RightFoot,15015,Valencia,Celta Vigo,2,0,2021-02-20 17:30:00,José Gayá,Pass
408326,4,MissedShots,1.1039999999999999,0.4787799774169922,0.0177283007651567,Maxi Gómez,h,6124,FromCorner,2020,Head,15035,Valencia,Villarreal,2,1,2021-03-05 20:00:00,Carlos Soler,Cross
408327,19,BlockedShot,1.0039500350952149,0.2826800056457519,0.0780716016888618,Maxi Gómez,h,6124,OpenPlay,2020,RightFoot,15035,Valencia,Villarreal,2,1,2021-03-05 20:00:00,Lee Kang-In,Pass
408343,55,MissedShots,1.0626000175476074,0.4351199943542481,0.0764912962913513,Maxi Gómez,h,6124,OpenPlay,2020,Head,15035,Valencia,Villarreal,2,1,2021-03-05 20:00:00,José Gayá,Cross
408345,60,MissedShots,1.05225,0.3766600112915039,0.085192896425724,Maxi Gómez,h,6124,OpenPlay,2020,Head,15035,Valencia,Villarreal,2,1,2021-03-05 20:00:00,Thierry Correia,Cross
408347,63,MissedShots,0.8072999649047851,0.3966399887084961,0.0174433998763561,Maxi Gómez,h,6124,OpenPlay,2020,RightFoot,15035,Valencia,Villarreal,2,1,2021-03-05 20:00:00,Uros Racic,Pass
411875,6,BlockedShot,0.9119500350952148,0.21534000282287594,0.0350311994552612,Maxi Gómez,h,6124,OpenPlay,2020,LeftFoot,15055,Valencia,Granada,2,1,2021-03-21 15:15:00,Daniel Wass,TakeOn
411878,11,BlockedShot,0.9407000350952147,0.23161999435424807,0.0479327999055385,Maxi Gómez,h,6124,OpenPlay,2020,RightFoot,15055,Valencia,Granada,2,1,2021-03-21 15:15:00,Thierry Correia,BallRecovery
411889,37,MissedShots,0.974049964904785,0.33891999435424797,0.0658807009458541,Maxi Gómez,h,6124,OpenPlay,2020,RightFoot,15055,Valencia,Granada,2,1,2021-03-21 15:15:00,Thierry Correia,Cross
411900,82,BlockedShot,0.8532999649047851,0.3589,0.1101090013980865,Maxi Gómez,h,6124,OpenPlay,2020,RightFoot,15055,Valencia,Granada,2,1,2021-03-21 15:15:00,Carlos Soler,TakeOn
411901,85,SavedShot,0.9372499999999999,0.3478,0.0821494981646537,Maxi Gómez,h,6124,OpenPlay,2020,RightFoot,15055,Valencia,Granada,2,1,2021-03-21 15:15:00,Daniel Wass,Pass
411903,88,SavedShot,1.0844500350952146,0.47803998870849607,0.2835919857025146,Maxi Gómez,h,6124,OpenPlay,2020,RightFoot,15055,Valencia,Granada,2,1,2021-03-21 15:15:00,Manu Vallejo,Pass
414582,7,BlockedShot,0.8487000350952147,0.333,0.0627861022949218,Maxi Gómez,h,6124,DirectFreekick,2020,RightFoot,15075,Valencia,Real Sociedad,2,2,2021-04-11 14:15:00,,Standard
414585,19,MissedShots,0.8130499649047851,0.3803600112915039,0.0150154996663331,Maxi Gómez,h,6124,OpenPlay,2020,RightFoot,15075,Valencia,Real Sociedad,2,2,2021-04-11 14:15:00,Gonçalo Guedes,Chipped
417380,14,BlockedShot,1.0856000175476075,0.49136001129150386,0.0753533989191055,Maxi Gómez,h,6124,OpenPlay,2020,LeftFoot,15094,Valencia,Alaves,1,1,2021-04-24 16:30:00,Gonçalo Guedes,Pass
417391,88,SavedShot,1.0763999824523924,0.3877600112915039,0.1274520009756088,Maxi Gómez,h,6124,OpenPlay,2020,Head,15094,Valencia,Alaves,1,1,2021-04-24 16:30:00,Gonçalo Guedes,Cross
420712,45,Goal,1.106299964904785,0.3492800056457519,0.5821560025215149,Maxi Gómez,h,6124,OpenPlay,2020,RightFoot,15126,Valencia,Real Valladolid,3,0,2021-05-09 14:15:00,José Gayá,Cross
420713,47,Goal,1.06375,0.2974800056457519,0.4209609925746918,Maxi Gómez,h,6124,OpenPlay,2020,RightFoot,15126,Valencia,Real Valladolid,3,0,2021-05-09 14:15:00,Carlos Soler,Throughball
423746,51,SavedShot,0.8935499649047851,0.4151399887084961,0.0312950983643531,Maxi Gómez,a,6124,OpenPlay,2020,RightFoot,15151,SD Huesca,Valencia,0,0,2021-05-22 16:00:00,Lee Kang-In,Pass
423748,57,BlockedShot,1.0924999999999998,0.26196001129150387,0.0407380983233451,Maxi Gómez,a,6124,FromCorner,2020,RightFoot,15151,SD Huesca,Valencia,0,0,2021-05-22 16:00:00,Carlos Soler,Cross
425603,39,MissedShots,0.8049999999999999,0.38998000564575197,0.0430838987231254,Maxi Gómez,h,6124,DirectFreekick,2021,RightFoot,17136,Valencia,Getafe,1,0,2021-08-13 19:00:00,,Standard
427322,53,MissedShots,0.9867000350952148,0.375180005645752,0.0726346969604492,Maxi Gómez,a,6124,SetPiece,2021,RightFoot,17148,Granada,Valencia,1,1,2021-08-21 17:30:00,Carlos Soler,Pass
427323,56,SavedShot,1.0557000350952148,0.5320600112915039,0.036226600408554,Maxi Gómez,a,6124,OpenPlay,2021,RightFoot,17148,Granada,Valencia,1,1,2021-08-21 17:30:00,Omar Alderete,Chipped
428458,39,MissedShots,1.0913500175476074,0.4010800056457519,0.1502130031585693,Maxi Gómez,h,6124,OpenPlay,2021,Head,17157,Valencia,Alaves,3,0,2021-08-27 20:15:00,José Gayá,Cross
430509,21,BlockedShot,0.824549964904785,0.4972799774169922,0.0148953003808856,Maxi Gómez,a,6124,OpenPlay,2021,RightFoot,17172,Osasuna,Valencia,1,4,2021-09-12 14:15:00,José Gayá,Pass
430510,23,BlockedShot,0.9682999649047851,0.5601799774169922,0.0209541004151105,Maxi Gómez,a,6124,OpenPlay,2021,RightFoot,17172,Osasuna,Valencia,1,4,2021-09-12 14:15:00,Hugo Guillamón,Chipped
430511,25,Goal,1.0913500175476074,0.3344800056457519,0.4985420107841491,Maxi Gómez,a,6124,OpenPlay,2021,RightFoot,17172,Osasuna,Valencia,1,4,2021-09-12 14:15:00,Carlos Soler,Cross
432179,45,MissedShots,0.8624999999999999,0.383319994354248,0.018902700394392,Maxi Gómez,h,6124,OpenPlay,2021,RightFoot,17183,Valencia,Real Madrid,1,2,2021-09-19 19:00:00,,None
432180,50,MissedShots,0.8233999824523925,0.372219994354248,0.0509378984570503,Maxi Gómez,h,6124,DirectFreekick,2021,RightFoot,17183,Valencia,Real Madrid,1,2,2021-09-19 19:00:00,,Standard
432698,23,BlockedShot,1.0384500350952148,0.30931999435424806,0.0622395984828472,Maxi Gómez,a,6124,SetPiece,2021,Head,17189,Sevilla,Valencia,3,1,2021-09-22 17:30:00,Jason,Cross
432707,73,BlockedShot,0.9763500175476074,0.3322600112915039,0.0727362036705017,Maxi Gómez,a,6124,OpenPlay,2021,LeftFoot,17189,Sevilla,Valencia,3,1,2021-09-22 17:30:00,Hugo Guillamón,Pass
433518,23,BlockedShot,1.112049964904785,0.2183,0.0421122014522552,Maxi Gómez,h,6124,OpenPlay,2021,RightFoot,17199,Valencia,Athletic Club,1,1,2021-09-25 14:15:00,Gonçalo Guedes,Pass
437170,25,BlockedShot,0.8096000175476074,0.3433600112915039,0.013748399913311,Maxi Gómez,a,6124,OpenPlay,2021,RightFoot,17217,Barcelona,Valencia,3,1,2021-10-17 19:00:00,Daniel Wass,BallTouch
437183,83,MissedShots,0.8429500350952148,0.3677800056457519,0.0610187985002994,Maxi Gómez,a,6124,DirectFreekick,2021,RightFoot,17217,Barcelona,Valencia,3,1,2021-10-17 19:00:00,,Standard
443543,68,SavedShot,0.9901499824523925,0.3633399887084961,0.05850850045681,Maxi Gómez,a,6124,OpenPlay,2021,LeftFoot,17272,Real Sociedad,Valencia,0,0,2021-11-21 20:00:00,José Gayá,Cross
443548,93,BlockedShot,1.0281000175476074,0.3581600112915039,0.1263699978590011,Maxi Gómez,a,6124,OpenPlay,2021,Head,17272,Real Sociedad,Valencia,0,0,2021-11-21 20:00:00,Hélder Costa,Cross
447161,52,Goal,1.02925,0.386280005645752,0.3432619869709015,Maxi Gómez,a,6124,OpenPlay,2021,RightFoot,17288,Celta Vigo,Valencia,1,2,2021-12-05 20:00:00,José Gayá,TakeOn
447165,62,BlockedShot,0.9188500175476073,0.3004399887084961,0.0439741984009742,Maxi Gómez,a,6124,OpenPlay,2021,LeftFoot,17288,Celta Vigo,Valencia,1,2,2021-12-05 20:00:00,Carlos Soler,Pass
447896,42,BlockedShot,1.058,0.46028000564575194,0.0944845005869865,Maxi Gómez,h,6124,OpenPlay,2021,LeftFoot,17304,Valencia,Elche,2,1,2021-12-11 17:30:00,,None
450925,48,MissedShots,1.0672000350952149,0.4077399887084961,0.0491931997239589,Maxi Gómez,h,6124,FromCorner,2021,Head,17317,Valencia,Espanyol,1,2,2021-12-31 15:15:00,Carlos Soler,Aerial
450934,87,MissedShots,1.058,0.375180005645752,0.072792999446392,Maxi Gómez,h,6124,OpenPlay,2021,OtherBodyPart,17317,Valencia,Espanyol,1,2,2021-12-31 15:15:00,Cristiano Piccini,Aerial
452287,56,BlockedShot,0.8176499824523925,0.35371999435424806,0.0481815002858638,Maxi Gómez,a,6124,DirectFreekick,2021,RightFoot,17331,Real Madrid,Valencia,4,1,2022-01-08 20:00:00,,Standard
456080,31,MissedShots,0.8394999999999999,0.4336399887084961,0.0550094991922378,Maxi Gómez,h,6124,DirectFreekick,2021,RightFoot,17364,Valencia,Real Sociedad,0,0,2022-02-06 13:00:00,,Standard
456083,46,BlockedShot,1.0246499824523925,0.3515,0.0585751011967659,Maxi Gómez,h,6124,FromCorner,2021,RightFoot,17364,Valencia,Real Sociedad,0,0,2022-02-06 13:00:00,Carlos Soler,Cross
456088,64,SavedShot,1.049950035095215,0.2701,0.5130090117454529,Maxi Gómez,h,6124,OpenPlay,2021,RightFoot,17364,Valencia,Real Sociedad,0,0,2022-02-06 13:00:00,Bryan Gil Salvatierra,Throughball
456091,73,MissedShots,1.0511000175476073,0.30931999435424806,0.0564032010734081,Maxi Gómez,h,6124,FromCorner,2021,Head,17364,Valencia,Real Sociedad,0,0,2022-02-06 13:00:00,Carlos Soler,Cross
457364,96,SavedShot,0.9901499824523925,0.5305799774169921,0.0267235003411769,Maxi Gómez,a,6124,SetPiece,2021,RightFoot,17366,Alaves,Valencia,2,1,2022-02-13 13:00:00,,None
461281,45,SavedShot,1.035,0.33891999435424797,0.0925382003188133,Maxi Gómez,h,6124,SetPiece,2021,Head,17404,Valencia,Granada,3,1,2022-03-05 17:30:00,Gonçalo Guedes,Cross
461284,50,Goal,1.0327000350952147,0.33003998870849605,0.0757481977343559,Maxi Gómez,h,6124,SetPiece,2021,Head,17404,Valencia,Granada,3,1,2022-03-05 17:30:00,Carlos Soler,Cross
461287,65,MissedShots,0.62675,0.4987600112915039,0.0091362399980425,Maxi Gómez,h,6124,OpenPlay,2021,RightFoot,17404,Valencia,Granada,3,1,2022-03-05 17:30:00,,BallRecovery
464023,51,SavedShot,0.9774999999999999,0.3611199943542481,0.1184229999780654,Maxi Gómez,a,6124,OpenPlay,2021,RightFoot,17425,Elche,Valencia,0,1,2022-03-19 15:15:00,,TakeOn
464030,77,BlockedShot,1.0281000175476074,0.3293,0.1323480010032653,Maxi Gómez,a,6124,OpenPlay,2021,RightFoot,17425,Elche,Valencia,0,1,2022-03-19 15:15:00,Uros Racic,Pass
466057,35,ShotOnPost,1.0453500175476074,0.40256001129150387,0.0347042009234428,Maxi Gómez,h,6124,FromCorner,2021,Head,17435,Valencia,Cadiz,0,0,2022-04-03 16:30:00,Gonçalo Guedes,Aerial
466061,52,SavedShot,0.8901000175476074,0.4358600112915039,0.0285055004060268,Maxi Gómez,h,6124,OpenPlay,2021,RightFoot,17435,Valencia,Cadiz,0,0,2022-04-03 16:30:00,Gonçalo Guedes,Pass
476736,12,MissedShots,0.9498999824523925,0.40181999435424803,0.0905169993638992,Maxi Gómez,a,6124,OpenPlay,2021,LeftFoot,17503,Espanyol,Valencia,1,1,2022-05-15 17:30:00,,TakeOn
476739,17,BlockedShot,1.0511000175476073,0.37,0.104942001402378,Maxi Gómez,a,6124,OpenPlay,2021,RightFoot,17503,Espanyol,Valencia,1,1,2022-05-15 17:30:00,Dimitri Foulquier,Cross
476740,28,MissedShots,0.979799964904785,0.3626,0.0280904006212949,Maxi Gómez,a,6124,OpenPlay,2021,Head,17503,Espanyol,Valencia,1,1,2022-05-15 17:30:00,Dimitri Foulquier,Cross
476743,36,Goal,0.9889999999999999,0.3626,0.1041209995746612,Maxi Gómez,a,6124,OpenPlay,2021,RightFoot,17503,Espanyol,Valencia,1,1,2022-05-15 17:30:00,Thierry Correia,Pass
476750,70,BlockedShot,0.8222499999999999,0.40551999435424807,0.0494053997099399,Maxi Gómez,a,6124,DirectFreekick,2021,RightFoot,17503,Espanyol,Valencia,1,1,2022-05-15 17:30:00,,Standard
476751,76,BlockedShot,1.058,0.442519994354248,0.4022989869117737,Maxi Gómez,a,6124,OpenPlay,2021,RightFoot,17503,Espanyol,Valencia,1,1,2022-05-15 17:30:00,,None
477304,10,SavedShot,0.979799964904785,0.4099600112915039,0.0113382004201412,Maxi Gómez,h,6124,OpenPlay,2021,Head,17513,Valencia,Celta Vigo,2,0,2022-05-21 15:30:00,Dimitri Foulquier,Aerial
477306,12,MissedShots,1.0763999824523924,0.47286001129150385,0.3314169943332672,Maxi Gómez,h,6124,OpenPlay,2021,LeftFoot,17513,Valencia,Celta Vigo,2,0,2022-05-21 15:30:00,,None
477308,27,Goal,1.1155,0.40403998870849606,0.5988579988479614,Maxi Gómez,h,6124,OpenPlay,2021,OtherBodyPart,17513,Valencia,Celta Vigo,2,0,2022-05-21 15:30:00,Marcos de Sousa,Rebound
481186,77,BlockedShot,1.0188999824523925,0.5365,0.0591966994106769,Maxi Gómez,h,6124,OpenPlay,2022,RightFoot,18967,Valencia,Girona,1,0,2022-08-14 17:30:00,Nico González,Pass
481187,91,MissedShots,0.8372000350952148,0.41661999435424807,0.055654801428318,Maxi Gómez,h,6124,DirectFreekick,2022,RightFoot,18967,Valencia,Girona,1,0,2022-08-14 17:30:00,,Standard
482547,28,BlockedShot,1.0568500175476074,0.3256,0.126252993941307,Maxi Gómez,a,6124,OpenPlay,2022,Head,18977,Athletic Club,Valencia,1,0,2022-08-21 15:30:00,Thierry Correia,Cross
537385,64,SavedShot,1.01775,0.350019994354248,0.0783603191375732,Maxi Gómez,a,6124,OpenPlay,2023,RightFoot,22725,Athletic Club,Cadiz,3,0,2023-09-16 12:00:00,Roberto Navarro,Cross
540463,26,MissedShots,1.0154500350952147,0.3478,0.0177594739943742,Maxi Gómez,h,6124,SetPiece,2023,Head,22746,Cadiz,Rayo Vallecano,0,0,2023-09-27 19:30:00,Javi Hernández,Aerial
